,DataTime,Location,Max_count,count_pass
1272,2021-12-21 14:11:29,Автозаводский мост,1600,896
993,2021-12-21 14:17:28,Автозаводский мост,1600,1223
1281,2021-12-21 14:34:36,Автозаводский мост,1600,1078
1832,2021-12-21 14:38:06,Автозаводский мост,1600,1424
367,2021-12-21 14:53:41,Автозаводский мост,1600,1366
1012,2021-12-21 15:10:01,Автозаводский мост,1600,345
416,2021-12-21 15:11:19,Автозаводский мост,1600,592
1375,2021-12-21 15:37:19,Автозаводский мост,1600,1577
1236,2021-12-21 15:41:15,Автозаводский мост,1600,1355
1210,2021-12-21 16:08:44,Автозаводский мост,1600,821
1634,2021-12-21 16:17:04,Автозаводский мост,1600,775
1810,2021-12-21 16:34:24,Автозаводский мост,1600,1008
1203,2021-12-21 16:53:05,Автозаводский мост,1600,914
201,2021-12-21 17:29:39,Автозаводский мост,1600,775
273,2021-12-21 17:36:56,Автозаводский мост,1600,633
1347,2021-12-21 18:01:52,Автозаводский мост,1600,1043
373,2021-12-21 18:04:43,Автозаводский мост,1600,1162
452,2021-12-21 18:10:09,Автозаводский мост,1600,860
1122,2021-12-21 18:21:46,Автозаводский мост,1600,1031
1867,2021-12-21 19:53:57,Автозаводский мост,1600,786
684,2021-12-21 20:13:50,Автозаводский мост,1600,825
977,2021-12-21 20:31:01,Автозаводский мост,1600,344
228,2021-12-21 21:18:39,Автозаводский мост,1600,1342
435,2021-12-21 21:54:25,Автозаводский мост,1600,1156
1981,2021-12-21 22:13:34,Автозаводский мост,1600,1537
1522,2021-12-21 22:58:09,Автозаводский мост,1600,636
136,2021-12-21 23:13:38,Автозаводский мост,1600,481
487,2021-12-21 23:55:55,Автозаводский мост,1600,1335
616,2021-12-22 00:03:33,Автозаводский мост,1600,510
931,2021-12-22 00:06:25,Автозаводский мост,1600,575
1660,2021-12-22 00:11:10,Автозаводский мост,1600,1005
1162,2021-12-22 00:45:58,Автозаводский мост,1600,416
1700,2021-12-22 01:45:15,Автозаводский мост,1600,620
776,2021-12-22 01:49:57,Автозаводский мост,1600,1459
614,2021-12-22 02:17:51,Автозаводский мост,1600,940
1014,2021-12-22 02:19:21,Автозаводский мост,1600,823
116,2021-12-22 02:40:36,Автозаводский мост,1600,1524
721,2021-12-22 03:21:10,Автозаводский мост,1600,887
427,2021-12-22 03:52:42,Автозаводский мост,1600,572
1608,2021-12-22 04:52:19,Автозаводский мост,1600,457
1198,2021-12-22 05:11:25,Автозаводский мост,1600,992
1208,2021-12-22 06:58:54,Автозаводский мост,1600,445
833,2021-12-22 07:17:38,Автозаводский мост,1600,393
1899,2021-12-22 07:25:30,Автозаводский мост,1600,704
16,2021-12-22 08:52:40,Автозаводский мост,1600,1222
1625,2021-12-22 09:32:58,Автозаводский мост,1600,1330
1191,2021-12-22 10:10:35,Автозаводский мост,1600,1028
86,2021-12-22 10:17:36,Автозаводский мост,1600,1020
1021,2021-12-22 10:31:26,Автозаводский мост,1600,370
154,2021-12-22 10:55:09,Автозаводский мост,1600,1489
802,2021-12-22 11:47:02,Автозаводский мост,1600,1510
1943,2021-12-22 12:15:00,Автозаводский мост,1600,655
1706,2021-12-22 12:28:33,Автозаводский мост,1600,713
870,2021-12-22 12:55:15,Автозаводский мост,1600,801
149,2021-12-22 13:02:50,Автозаводский мост,1600,1169
120,2021-12-22 13:13:59,Автозаводский мост,1600,1219
653,2021-12-22 13:35:50,Автозаводский мост,1600,1273
808,2021-12-22 13:47:31,Автозаводский мост,1600,624
846,2021-12-22 14:50:41,Автозаводский мост,1600,1066
122,2021-12-22 14:55:22,Автозаводский мост,1600,575
191,2021-12-22 15:15:38,Автозаводский мост,1600,784
1864,2021-12-22 15:17:51,Автозаводский мост,1600,703
1597,2021-12-22 16:34:16,Автозаводский мост,1600,721
1175,2021-12-22 16:41:01,Автозаводский мост,1600,389
856,2021-12-22 17:30:39,Автозаводский мост,1600,335
319,2021-12-22 18:02:33,Автозаводский мост,1600,1459
1800,2021-12-22 18:06:29,Автозаводский мост,1600,1430
1302,2021-12-22 18:48:02,Автозаводский мост,1600,1233
1519,2021-12-22 19:01:00,Автозаводский мост,1600,1260
474,2021-12-22 19:08:35,Автозаводский мост,1600,840
190,2021-12-22 19:24:38,Автозаводский мост,1600,416
1855,2021-12-22 20:11:37,Автозаводский мост,1600,1270
761,2021-12-22 20:16:25,Автозаводский мост,1600,502
1346,2021-12-22 20:21:39,Автозаводский мост,1600,1564
1678,2021-12-22 20:55:39,Автозаводский мост,1600,1562
1384,2021-12-22 21:53:02,Автозаводский мост,1600,888
151,2021-12-22 22:56:38,Автозаводский мост,1600,1542
1013,2021-12-22 22:57:08,Автозаводский мост,1600,1561
1508,2021-12-22 23:41:10,Автозаводский мост,1600,1375
1534,2021-12-23 00:04:49,Автозаводский мост,1600,369
1646,2021-12-23 02:28:06,Автозаводский мост,1600,1319
1626,2021-12-23 03:10:53,Автозаводский мост,1600,1413
1286,2021-12-23 03:30:40,Автозаводский мост,1600,1105
501,2021-12-23 03:46:16,Автозаводский мост,1600,924
1166,2021-12-23 04:06:26,Автозаводский мост,1600,487
140,2021-12-23 04:13:48,Автозаводский мост,1600,555
468,2021-12-23 04:44:50,Автозаводский мост,1600,420
9,2021-12-23 05:03:05,Автозаводский мост,1600,756
858,2021-12-23 05:45:36,Автозаводский мост,1600,585
504,2021-12-23 05:45:39,Автозаводский мост,1600,1372
1510,2021-12-23 06:14:47,Автозаводский мост,1600,839
1655,2021-12-23 07:29:12,Автозаводский мост,1600,876
1015,2021-12-23 07:31:10,Автозаводский мост,1600,1120
1358,2021-12-23 07:31:16,Автозаводский мост,1600,656
1317,2021-12-23 07:33:01,Автозаводский мост,1600,1325
785,2021-12-23 07:34:00,Автозаводский мост,1600,1556
599,2021-12-21 13:34:51,Верхние Мнёвники,1700,1522
1880,2021-12-21 13:46:24,Верхние Мнёвники,1700,1084
249,2021-12-21 14:46:01,Верхние Мнёвники,1700,1108
307,2021-12-21 14:52:26,Верхние Мнёвники,1700,548
1010,2021-12-21 15:21:04,Верхние Мнёвники,1700,368
1249,2021-12-21 16:28:15,Верхние Мнёвники,1700,558
544,2021-12-21 16:48:37,Верхние Мнёвники,1700,1275
1538,2021-12-21 17:30:53,Верхние Мнёвники,1700,899
627,2021-12-21 18:00:42,Верхние Мнёвники,1700,517
565,2021-12-21 19:27:45,Верхние Мнёвники,1700,596
1873,2021-12-21 19:41:07,Верхние Мнёвники,1700,1330
604,2021-12-21 19:52:41,Верхние Мнёвники,1700,735
1518,2021-12-21 20:20:24,Верхние Мнёвники,1700,697
832,2021-12-21 20:38:01,Верхние Мнёвники,1700,1551
450,2021-12-21 20:52:32,Верхние Мнёвники,1700,1452
711,2021-12-21 21:01:15,Верхние Мнёвники,1700,1397
60,2021-12-21 21:04:28,Верхние Мнёвники,1700,492
1822,2021-12-21 22:03:43,Верхние Мнёвники,1700,367
1836,2021-12-21 22:04:52,Верхние Мнёвники,1700,1139
1199,2021-12-21 22:06:45,Верхние Мнёвники,1700,1039
1612,2021-12-21 22:18:01,Верхние Мнёвники,1700,463
1536,2021-12-21 22:23:09,Верхние Мнёвники,1700,1456
1414,2021-12-21 22:27:28,Верхние Мнёвники,1700,1182
1891,2021-12-21 22:56:12,Верхние Мнёвники,1700,894
1474,2021-12-21 22:56:23,Верхние Мнёвники,1700,1525
1174,2021-12-22 00:19:24,Верхние Мнёвники,1700,1570
141,2021-12-22 00:21:42,Верхние Мнёвники,1700,678
1946,2021-12-22 00:31:13,Верхние Мнёвники,1700,1354
125,2021-12-22 00:48:20,Верхние Мнёвники,1700,934
1180,2021-12-22 01:32:21,Верхние Мнёвники,1700,525
732,2021-12-22 02:14:43,Верхние Мнёвники,1700,418
1423,2021-12-22 02:27:57,Верхние Мнёвники,1700,688
1017,2021-12-22 03:04:43,Верхние Мнёвники,1700,1360
1753,2021-12-22 03:11:41,Верхние Мнёвники,1700,812
1188,2021-12-22 03:21:54,Верхние Мнёвники,1700,1523
685,2021-12-22 03:35:38,Верхние Мнёвники,1700,1078
1498,2021-12-22 04:33:36,Верхние Мнёвники,1700,1010
1306,2021-12-22 05:04:19,Верхние Мнёвники,1700,670
930,2021-12-22 06:01:20,Верхние Мнёвники,1700,684
351,2021-12-22 06:33:34,Верхние Мнёвники,1700,1308
1116,2021-12-22 07:03:08,Верхние Мнёвники,1700,1097
339,2021-12-22 07:07:00,Верхние Мнёвники,1700,1268
1579,2021-12-22 07:56:30,Верхние Мнёвники,1700,705
138,2021-12-22 07:58:08,Верхние Мнёвники,1700,1553
1342,2021-12-22 08:36:57,Верхние Мнёвники,1700,509
831,2021-12-22 08:48:57,Верхние Мнёвники,1700,731
209,2021-12-22 08:53:07,Верхние Мнёвники,1700,1282
1329,2021-12-22 09:22:15,Верхние Мнёвники,1700,396
1083,2021-12-22 10:27:14,Верхние Мнёвники,1700,348
1649,2021-12-22 11:37:49,Верхние Мнёвники,1700,891
609,2021-12-22 12:45:06,Верхние Мнёвники,1700,685
1845,2021-12-22 12:52:19,Верхние Мнёвники,1700,1541
1335,2021-12-22 13:23:56,Верхние Мнёвники,1700,470
1794,2021-12-22 13:37:07,Верхние Мнёвники,1700,466
546,2021-12-22 14:05:01,Верхние Мнёвники,1700,1051
1721,2021-12-22 14:46:45,Верхние Мнёвники,1700,638
1726,2021-12-22 15:02:42,Верхние Мнёвники,1700,1245
771,2021-12-22 15:35:03,Верхние Мнёвники,1700,796
886,2021-12-22 15:54:13,Верхние Мнёвники,1700,1030
426,2021-12-22 16:21:07,Верхние Мнёвники,1700,1316
1662,2021-12-22 16:24:21,Верхние Мнёвники,1700,616
488,2021-12-22 16:25:51,Верхние Мнёвники,1700,473
383,2021-12-22 16:51:40,Верхние Мнёвники,1700,1411
1259,2021-12-22 17:07:24,Верхние Мнёвники,1700,517
1665,2021-12-22 17:50:57,Верхние Мнёвники,1700,947
520,2021-12-22 19:11:47,Верхние Мнёвники,1700,1624
917,2021-12-22 19:45:09,Верхние Мнёвники,1700,559
839,2021-12-22 19:52:39,Верхние Мнёвники,1700,461
728,2021-12-22 20:03:24,Верхние Мнёвники,1700,448
409,2021-12-22 22:15:17,Верхние Мнёвники,1700,1094
162,2021-12-22 23:02:07,Верхние Мнёвники,1700,423
841,2021-12-22 23:21:11,Верхние Мнёвники,1700,1587
491,2021-12-22 23:34:37,Верхние Мнёвники,1700,478
1485,2021-12-22 23:48:03,Верхние Мнёвники,1700,1458
1944,2021-12-23 00:32:57,Верхние Мнёвники,1700,1523
1790,2021-12-23 00:58:35,Верхние Мнёвники,1700,1026
135,2021-12-23 01:22:46,Верхние Мнёвники,1700,1108
1596,2021-12-23 01:34:40,Верхние Мнёвники,1700,1674
462,2021-12-23 01:47:27,Верхние Мнёвники,1700,607
99,2021-12-23 02:30:57,Верхние Мнёвники,1700,1612
1643,2021-12-23 02:46:05,Верхние Мнёвники,1700,1577
1394,2021-12-23 02:59:09,Верхние Мнёвники,1700,458
528,2021-12-23 03:27:06,Верхние Мнёвники,1700,1008
1957,2021-12-23 03:29:56,Верхние Мнёвники,1700,1243
1723,2021-12-23 05:19:29,Верхние Мнёвники,1700,825
7,2021-12-23 05:24:23,Верхние Мнёвники,1700,512
1635,2021-12-23 06:24:08,Верхние Мнёвники,1700,824
456,2021-12-23 06:31:56,Верхние Мнёвники,1700,803
1576,2021-12-23 06:57:00,Верхние Мнёвники,1700,904
6,2021-12-23 06:58:44,Верхние Мнёвники,1700,386
622,2021-12-23 07:12:07,Верхние Мнёвники,1700,1024
1568,2021-12-23 07:39:22,Верхние Мнёвники,1700,1202
1798,2021-12-21 13:46:17,ЗИЛ,1300,351
1305,2021-12-21 14:47:13,ЗИЛ,1300,1297
1939,2021-12-21 15:01:28,ЗИЛ,1300,1286
1683,2021-12-21 15:02:29,ЗИЛ,1300,858
1393,2021-12-21 15:36:47,ЗИЛ,1300,1075
1675,2021-12-21 15:46:24,ЗИЛ,1300,1100
513,2021-12-21 17:10:13,ЗИЛ,1300,441
1789,2021-12-21 17:32:06,ЗИЛ,1300,521
356,2021-12-21 18:12:41,ЗИЛ,1300,741
1708,2021-12-21 18:24:41,ЗИЛ,1300,432
1120,2021-12-21 18:39:12,ЗИЛ,1300,509
1685,2021-12-21 18:40:20,ЗИЛ,1300,399
258,2021-12-21 19:55:14,ЗИЛ,1300,1003
1977,2021-12-21 20:02:52,ЗИЛ,1300,671
1671,2021-12-21 20:09:20,ЗИЛ,1300,424
978,2021-12-21 21:41:49,ЗИЛ,1300,870
1449,2021-12-21 22:12:26,ЗИЛ,1300,1218
995,2021-12-21 22:17:55,ЗИЛ,1300,610
1460,2021-12-21 23:11:05,ЗИЛ,1300,269
967,2021-12-21 23:51:01,ЗИЛ,1300,516
1745,2021-12-22 00:36:19,ЗИЛ,1300,440
1106,2021-12-22 01:14:45,ЗИЛ,1300,411
1458,2021-12-22 01:48:49,ЗИЛ,1300,805
1127,2021-12-22 02:38:58,ЗИЛ,1300,849
712,2021-12-22 02:39:43,ЗИЛ,1300,723
238,2021-12-22 02:45:21,ЗИЛ,1300,1067
1925,2021-12-22 03:00:05,ЗИЛ,1300,1172
36,2021-12-22 03:45:32,ЗИЛ,1300,1157
844,2021-12-22 04:14:55,ЗИЛ,1300,392
0,2021-12-22 04:38:34,ЗИЛ,1300,625
908,2021-12-22 05:00:11,ЗИЛ,1300,829
1594,2021-12-22 05:06:53,ЗИЛ,1300,1061
861,2021-12-22 05:23:11,ЗИЛ,1300,961
1905,2021-12-22 05:56:48,ЗИЛ,1300,844
1443,2021-12-22 06:52:13,ЗИЛ,1300,1076
1588,2021-12-22 07:57:03,ЗИЛ,1300,607
621,2021-12-22 08:42:37,ЗИЛ,1300,1089
971,2021-12-22 11:25:01,ЗИЛ,1300,807
1819,2021-12-22 11:45:45,ЗИЛ,1300,830
511,2021-12-22 11:46:57,ЗИЛ,1300,415
564,2021-12-22 12:04:14,ЗИЛ,1300,570
429,2021-12-22 12:16:29,ЗИЛ,1300,978
784,2021-12-22 13:13:21,ЗИЛ,1300,1229
371,2021-12-22 13:21:03,ЗИЛ,1300,775
346,2021-12-22 13:30:09,ЗИЛ,1300,1040
593,2021-12-22 13:31:06,ЗИЛ,1300,1254
1487,2021-12-22 14:49:51,ЗИЛ,1300,1149
562,2021-12-22 15:35:56,ЗИЛ,1300,1098
188,2021-12-22 15:50:36,ЗИЛ,1300,1235
1558,2021-12-22 16:26:32,ЗИЛ,1300,980
969,2021-12-22 16:32:36,ЗИЛ,1300,275
350,2021-12-22 16:55:27,ЗИЛ,1300,939
321,2021-12-22 17:12:42,ЗИЛ,1300,551
812,2021-12-22 18:28:20,ЗИЛ,1300,813
1801,2021-12-22 18:47:17,ЗИЛ,1300,1267
1313,2021-12-22 19:58:58,ЗИЛ,1300,369
471,2021-12-22 20:05:07,ЗИЛ,1300,1265
1650,2021-12-22 20:07:52,ЗИЛ,1300,724
694,2021-12-22 20:20:38,ЗИЛ,1300,668
1803,2021-12-22 20:32:59,ЗИЛ,1300,1132
1759,2021-12-22 20:49:02,ЗИЛ,1300,978
1722,2021-12-22 21:11:37,ЗИЛ,1300,1200
1827,2021-12-22 21:33:55,ЗИЛ,1300,983
1093,2021-12-22 21:34:22,ЗИЛ,1300,908
2,2021-12-22 21:58:33,ЗИЛ,1300,1235
1702,2021-12-22 22:27:12,ЗИЛ,1300,597
537,2021-12-22 23:17:32,ЗИЛ,1300,644
461,2021-12-22 23:45:43,ЗИЛ,1300,469
1934,2021-12-23 00:00:16,ЗИЛ,1300,752
1606,2021-12-23 00:11:52,ЗИЛ,1300,1296
1024,2021-12-23 00:17:02,ЗИЛ,1300,260
1149,2021-12-23 00:44:26,ЗИЛ,1300,969
1724,2021-12-23 01:11:16,ЗИЛ,1300,842
1607,2021-12-23 01:12:24,ЗИЛ,1300,1270
421,2021-12-23 01:21:01,ЗИЛ,1300,622
1701,2021-12-23 01:47:29,ЗИЛ,1300,892
762,2021-12-23 02:12:31,ЗИЛ,1300,1024
901,2021-12-23 02:45:09,ЗИЛ,1300,1251
1916,2021-12-23 03:12:08,ЗИЛ,1300,1030
261,2021-12-23 03:31:58,ЗИЛ,1300,1220
1235,2021-12-23 04:01:18,ЗИЛ,1300,302
1854,2021-12-23 04:03:36,ЗИЛ,1300,757
950,2021-12-23 04:46:26,ЗИЛ,1300,516
1269,2021-12-23 05:11:57,ЗИЛ,1300,668
113,2021-12-23 06:01:49,ЗИЛ,1300,1188
1489,2021-12-23 07:07:15,ЗИЛ,1300,516
905,2021-12-23 07:23:15,ЗИЛ,1300,260
184,2021-12-21 14:08:58,ЗИЛ-Юг,900,249
1869,2021-12-21 14:35:11,ЗИЛ-Юг,900,718
403,2021-12-21 14:38:19,ЗИЛ-Юг,900,672
613,2021-12-21 14:45:28,ЗИЛ-Юг,900,371
934,2021-12-21 14:57:53,ЗИЛ-Юг,900,866
1732,2021-12-21 15:02:21,ЗИЛ-Юг,900,219
1764,2021-12-21 17:24:05,ЗИЛ-Юг,900,599
1426,2021-12-21 17:27:00,ЗИЛ-Юг,900,291
1491,2021-12-21 17:38:11,ЗИЛ-Юг,900,772
1020,2021-12-21 19:09:09,ЗИЛ-Юг,900,593
1114,2021-12-21 19:53:18,ЗИЛ-Юг,900,443
1535,2021-12-21 20:05:17,ЗИЛ-Юг,900,783
1553,2021-12-21 20:35:51,ЗИЛ-Юг,900,845
898,2021-12-21 21:29:29,ЗИЛ-Юг,900,241
1165,2021-12-21 21:34:20,ЗИЛ-Юг,900,198
1422,2021-12-21 21:43:35,ЗИЛ-Юг,900,709
1858,2021-12-21 22:10:34,ЗИЛ-Юг,900,727
1586,2021-12-21 23:14:59,ЗИЛ-Юг,900,421
949,2021-12-21 23:17:29,ЗИЛ-Юг,900,789
770,2021-12-21 23:24:32,ЗИЛ-Юг,900,750
8,2021-12-21 23:31:29,ЗИЛ-Юг,900,575
1321,2021-12-22 01:38:30,ЗИЛ-Юг,900,436
1913,2021-12-22 02:25:06,ЗИЛ-Юг,900,653
1528,2021-12-22 02:34:56,ЗИЛ-Юг,900,603
1256,2021-12-22 03:05:02,ЗИЛ-Юг,900,294
524,2021-12-22 04:15:47,ЗИЛ-Юг,900,289
946,2021-12-22 04:39:54,ЗИЛ-Юг,900,480
952,2021-12-22 04:52:53,ЗИЛ-Юг,900,595
1396,2021-12-22 05:14:53,ЗИЛ-Юг,900,788
330,2021-12-22 05:50:34,ЗИЛ-Юг,900,333
1068,2021-12-22 06:08:56,ЗИЛ-Юг,900,769
1289,2021-12-22 06:16:28,ЗИЛ-Юг,900,491
640,2021-12-22 06:36:15,ЗИЛ-Юг,900,530
909,2021-12-22 07:00:12,ЗИЛ-Юг,900,284
1991,2021-12-22 07:12:14,ЗИЛ-Юг,900,531
1118,2021-12-22 07:56:47,ЗИЛ-Юг,900,500
530,2021-12-22 08:04:03,ЗИЛ-Юг,900,499
1713,2021-12-22 08:55:43,ЗИЛ-Юг,900,338
743,2021-12-22 09:07:38,ЗИЛ-Юг,900,796
1816,2021-12-22 10:33:31,ЗИЛ-Юг,900,522
81,2021-12-22 10:35:19,ЗИЛ-Юг,900,191
626,2021-12-22 11:01:25,ЗИЛ-Юг,900,534
746,2021-12-22 12:35:49,ЗИЛ-Юг,900,410
1541,2021-12-22 12:57:01,ЗИЛ-Юг,900,739
1451,2021-12-22 14:16:47,ЗИЛ-Юг,900,351
1416,2021-12-22 14:25:53,ЗИЛ-Юг,900,558
970,2021-12-22 14:49:28,ЗИЛ-Юг,900,746
535,2021-12-22 15:46:22,ЗИЛ-Юг,900,650
1217,2021-12-22 17:20:24,ЗИЛ-Юг,900,225
368,2021-12-22 17:34:44,ЗИЛ-Юг,900,362
735,2021-12-22 17:39:59,ЗИЛ-Юг,900,286
1970,2021-12-22 17:55:13,ЗИЛ-Юг,900,606
210,2021-12-22 18:16:02,ЗИЛ-Юг,900,496
714,2021-12-22 18:54:13,ЗИЛ-Юг,900,317
233,2021-12-22 18:54:18,ЗИЛ-Юг,900,841
505,2021-12-22 19:02:43,ЗИЛ-Юг,900,566
688,2021-12-22 19:32:16,ЗИЛ-Юг,900,365
1515,2021-12-22 20:35:34,ЗИЛ-Юг,900,692
1908,2021-12-22 21:07:37,ЗИЛ-Юг,900,813
89,2021-12-22 22:17:11,ЗИЛ-Юг,900,409
127,2021-12-22 22:32:59,ЗИЛ-Юг,900,723
1156,2021-12-22 23:18:26,ЗИЛ-Юг,900,469
1354,2021-12-22 23:23:22,ЗИЛ-Юг,900,706
1298,2021-12-23 00:40:40,ЗИЛ-Юг,900,248
47,2021-12-23 00:42:07,ЗИЛ-Юг,900,668
736,2021-12-23 02:25:51,ЗИЛ-Юг,900,659
1652,2021-12-23 02:50:18,ЗИЛ-Юг,900,690
1567,2021-12-23 03:22:45,ЗИЛ-Юг,900,862
734,2021-12-23 03:46:29,ЗИЛ-Юг,900,730
1979,2021-12-23 03:59:49,ЗИЛ-Юг,900,254
111,2021-12-23 05:40:09,ЗИЛ-Юг,900,791
398,2021-12-23 05:40:22,ЗИЛ-Юг,900,366
1133,2021-12-23 06:03:58,ЗИЛ-Юг,900,346
1591,2021-12-23 07:30:07,ЗИЛ-Юг,900,850
1022,2021-12-23 07:30:19,ЗИЛ-Юг,900,538
662,2021-12-21 13:37:42,Западный порт,1400,1344
1781,2021-12-21 13:41:23,Западный порт,1400,584
767,2021-12-21 17:03:02,Западный порт,1400,1299
704,2021-12-21 17:17:23,Западный порт,1400,334
1006,2021-12-21 17:35:22,Западный порт,1400,448
502,2021-12-21 17:38:28,Западный порт,1400,558
396,2021-12-21 18:35:05,Западный порт,1400,1013
1987,2021-12-21 18:49:14,Западный порт,1400,578
925,2021-12-21 20:35:45,Западный порт,1400,547
940,2021-12-21 20:48:45,Западный порт,1400,1159
574,2021-12-21 20:51:41,Западный порт,1400,376
1445,2021-12-21 22:22:12,Западный порт,1400,409
809,2021-12-21 22:42:10,Западный порт,1400,459
1158,2021-12-21 23:01:38,Западный порт,1400,676
1894,2021-12-21 23:17:26,Западный порт,1400,400
877,2021-12-21 23:27:38,Западный порт,1400,650
637,2021-12-21 23:28:28,Западный порт,1400,361
107,2021-12-22 00:00:46,Западный порт,1400,1140
1964,2021-12-22 00:23:58,Западный порт,1400,1314
1661,2021-12-22 01:30:37,Западный порт,1400,933
863,2021-12-22 01:46:44,Западный порт,1400,550
418,2021-12-22 02:06:45,Западный порт,1400,1274
419,2021-12-22 02:25:36,Западный порт,1400,864
1728,2021-12-22 03:40:16,Западный порт,1400,471
1469,2021-12-22 04:07:51,Западный порт,1400,518
1884,2021-12-22 04:48:26,Западный порт,1400,1311
912,2021-12-22 05:03:55,Западный порт,1400,477
1640,2021-12-22 05:15:01,Западный порт,1400,704
1060,2021-12-22 05:52:41,Западный порт,1400,719
1038,2021-12-22 06:16:30,Западный порт,1400,759
717,2021-12-22 06:25:38,Западный порт,1400,1287
1656,2021-12-22 06:46:24,Западный порт,1400,1261
827,2021-12-22 06:54:42,Западный порт,1400,792
1244,2021-12-22 07:01:10,Западный порт,1400,366
710,2021-12-22 07:59:30,Западный порт,1400,1350
1688,2021-12-22 08:20:56,Западный порт,1400,580
302,2021-12-22 09:11:21,Западный порт,1400,808
397,2021-12-22 09:21:56,Западный порт,1400,643
431,2021-12-22 10:05:23,Западный порт,1400,529
1143,2021-12-22 10:15:52,Западный порт,1400,395
1861,2021-12-22 10:59:55,Западный порт,1400,1061
1747,2021-12-22 12:15:05,Западный порт,1400,853
874,2021-12-22 12:26:36,Западный порт,1400,1395
376,2021-12-22 12:33:00,Западный порт,1400,557
219,2021-12-22 12:57:09,Западный порт,1400,362
1920,2021-12-22 13:33:34,Западный порт,1400,491
907,2021-12-22 13:55:40,Западный порт,1400,1235
1380,2021-12-22 14:03:07,Западный порт,1400,978
1890,2021-12-22 14:47:03,Западный порт,1400,482
1187,2021-12-22 14:57:43,Западный порт,1400,1059
1011,2021-12-22 15:10:08,Западный порт,1400,491
849,2021-12-22 15:24:36,Западный порт,1400,1336
399,2021-12-22 16:09:15,Западный порт,1400,914
1492,2021-12-22 16:34:44,Западный порт,1400,639
1866,2021-12-22 16:41:00,Западный порт,1400,1019
477,2021-12-22 17:12:42,Западный порт,1400,1044
1627,2021-12-22 17:27:31,Западный порт,1400,849
1050,2021-12-22 17:41:14,Западный порт,1400,814
110,2021-12-22 18:12:10,Западный порт,1400,424
1707,2021-12-22 18:40:43,Западный порт,1400,1097
1219,2021-12-22 19:00:39,Западный порт,1400,1220
744,2021-12-22 19:04:36,Западный порт,1400,1329
1953,2021-12-22 19:43:33,Западный порт,1400,908
642,2021-12-22 20:01:26,Западный порт,1400,954
996,2021-12-22 20:51:28,Западный порт,1400,466
412,2021-12-22 21:53:20,Западный порт,1400,404
638,2021-12-22 22:04:00,Западный порт,1400,936
1383,2021-12-22 22:05:28,Западный порт,1400,1117
1865,2021-12-22 22:20:08,Западный порт,1400,1068
1477,2021-12-22 22:30:19,Западный порт,1400,1350
1448,2021-12-22 23:06:54,Западный порт,1400,442
231,2021-12-22 23:55:47,Западный порт,1400,599
1533,2021-12-23 00:01:09,Западный порт,1400,1386
573,2021-12-23 00:07:52,Западный порт,1400,865
112,2021-12-23 00:57:52,Западный порт,1400,1003
1664,2021-12-23 01:28:21,Западный порт,1400,616
1897,2021-12-23 01:36:50,Западный порт,1400,468
1055,2021-12-23 02:24:32,Западный порт,1400,1059
1080,2021-12-23 03:10:14,Западный порт,1400,536
1104,2021-12-23 03:47:00,Западный порт,1400,767
1295,2021-12-23 03:59:10,Западный порт,1400,611
1971,2021-12-23 04:06:35,Западный порт,1400,1293
872,2021-12-23 04:54:55,Западный порт,1400,815
989,2021-12-23 05:18:39,Западный порт,1400,1295
1525,2021-12-23 05:34:32,Западный порт,1400,439
1131,2021-12-23 06:31:56,Западный порт,1400,1027
618,2021-12-23 06:46:40,Западный порт,1400,1238
1931,2021-12-23 07:01:42,Западный порт,1400,1130
1840,2021-12-23 07:43:13,Западный порт,1400,752
987,2021-12-21 14:51:31,Карамышевский,1800,767
1531,2021-12-21 16:22:20,Карамышевский,1800,1270
1921,2021-12-21 16:43:24,Карамышевский,1800,1771
1820,2021-12-21 16:57:26,Карамышевский,1800,517
1459,2021-12-21 18:03:36,Карамышевский,1800,758
722,2021-12-21 19:09:43,Карамышевский,1800,1391
87,2021-12-21 21:14:58,Карамышевский,1800,553
1123,2021-12-21 21:37:23,Карамышевский,1800,1249
1514,2021-12-21 22:07:05,Карамышевский,1800,1121
556,2021-12-21 22:49:22,Карамышевский,1800,714
678,2021-12-21 23:41:26,Карамышевский,1800,1086
1200,2021-12-21 23:57:18,Карамышевский,1800,520
690,2021-12-22 00:21:16,Карамышевский,1800,1293
1316,2021-12-22 00:49:45,Карамышевский,1800,479
617,2021-12-22 02:10:13,Карамышевский,1800,412
334,2021-12-22 02:12:52,Карамышевский,1800,825
1415,2021-12-22 03:16:12,Карамышевский,1800,1108
1727,2021-12-22 03:37:03,Карамышевский,1800,703
1391,2021-12-22 04:07:51,Карамышевский,1800,1206
161,2021-12-22 05:41:32,Карамышевский,1800,846
500,2021-12-22 05:45:37,Карамышевский,1800,912
1227,2021-12-22 06:05:30,Карамышевский,1800,367
410,2021-12-22 06:07:44,Карамышевский,1800,1285
731,2021-12-22 06:31:31,Карамышевский,1800,924
202,2021-12-22 06:32:25,Карамышевский,1800,1351
305,2021-12-22 06:41:20,Карамышевский,1800,453
318,2021-12-22 07:45:26,Карамышевский,1800,927
284,2021-12-22 08:13:47,Карамышевский,1800,1604
494,2021-12-22 08:41:49,Карамышевский,1800,401
1754,2021-12-22 08:52:47,Карамышевский,1800,372
254,2021-12-22 09:12:31,Карамышевский,1800,1641
153,2021-12-22 09:19:54,Карамышевский,1800,1049
1770,2021-12-22 09:55:53,Карамышевский,1800,1719
1072,2021-12-22 09:58:17,Карамышевский,1800,704
1729,2021-12-22 10:37:25,Карамышевский,1800,665
444,2021-12-22 11:39:05,Карамышевский,1800,1646
1265,2021-12-22 11:44:57,Карамышевский,1800,1402
1513,2021-12-22 12:09:41,Карамышевский,1800,1753
911,2021-12-22 12:24:09,Карамышевский,1800,1009
1524,2021-12-22 12:43:24,Карамышевский,1800,1192
1564,2021-12-22 13:16:25,Карамышевский,1800,1369
1831,2021-12-22 13:40:08,Карамышевский,1800,1658
1098,2021-12-22 13:49:18,Карамышевский,1800,1384
42,2021-12-22 14:17:04,Карамышевский,1800,1535
1260,2021-12-22 14:20:59,Карамышевский,1800,1621
1967,2021-12-22 14:24:24,Карамышевский,1800,1479
1282,2021-12-22 14:35:51,Карамышевский,1800,1269
337,2021-12-22 14:51:17,Карамышевский,1800,1261
583,2021-12-22 14:57:04,Карамышевский,1800,1722
94,2021-12-22 15:10:18,Карамышевский,1800,1226
1441,2021-12-22 15:56:55,Карамышевский,1800,559
968,2021-12-22 16:43:13,Карамышевский,1800,479
517,2021-12-22 17:40:58,Карамышевский,1800,984
1041,2021-12-22 18:08:23,Карамышевский,1800,516
1470,2021-12-22 18:15:00,Карамышевский,1800,1198
1079,2021-12-22 18:52:43,Карамышевский,1800,846
1689,2021-12-22 19:02:15,Карамышевский,1800,1112
1142,2021-12-22 19:13:49,Карамышевский,1800,711
1542,2021-12-22 19:29:36,Карамышевский,1800,470
470,2021-12-22 19:53:46,Карамышевский,1800,1040
1892,2021-12-22 21:18:53,Карамышевский,1800,1494
1691,2021-12-22 22:57:18,Карамышевский,1800,631
1501,2021-12-22 23:19:43,Карамышевский,1800,548
1279,2021-12-23 00:26:45,Карамышевский,1800,890
480,2021-12-23 00:37:29,Карамышевский,1800,851
344,2021-12-23 01:34:30,Карамышевский,1800,1755
1453,2021-12-23 01:40:00,Карамышевский,1800,494
1493,2021-12-23 01:53:35,Карамышевский,1800,896
224,2021-12-23 02:14:28,Карамышевский,1800,802
1919,2021-12-23 02:15:21,Карамышевский,1800,483
798,2021-12-23 02:45:19,Карамышевский,1800,1319
309,2021-12-23 03:19:46,Карамышевский,1800,707
747,2021-12-23 03:31:10,Карамышевский,1800,1791
709,2021-12-23 03:32:28,Карамышевский,1800,1676
29,2021-12-23 03:37:02,Карамышевский,1800,1787
801,2021-12-23 04:11:57,Карамышевский,1800,585
805,2021-12-23 04:19:39,Карамышевский,1800,1169
1548,2021-12-23 05:15:20,Карамышевский,1800,1675
1632,2021-12-23 06:41:16,Карамышевский,1800,805
1658,2021-12-23 06:45:20,Карамышевский,1800,1065
485,2021-12-23 07:08:35,Карамышевский,1800,1385
1382,2021-12-23 07:13:35,Карамышевский,1800,1081
1641,2021-12-21 13:32:58,Киевский вокзал,1400,1010
947,2021-12-21 13:33:58,Киевский вокзал,1400,1267
24,2021-12-21 14:03:36,Киевский вокзал,1400,1218
1500,2021-12-21 14:08:37,Киевский вокзал,1400,375
1322,2021-12-21 14:32:03,Киевский вокзал,1400,1190
1299,2021-12-21 14:36:11,Киевский вокзал,1400,873
1802,2021-12-21 15:41:27,Киевский вокзал,1400,1026
1686,2021-12-21 15:54:12,Киевский вокзал,1400,819
114,2021-12-21 16:03:42,Киевский вокзал,1400,1265
997,2021-12-21 16:26:22,Киевский вокзал,1400,893
980,2021-12-21 17:24:13,Киевский вокзал,1400,1165
173,2021-12-21 17:28:51,Киевский вокзал,1400,961
1155,2021-12-21 17:40:24,Киевский вокзал,1400,1385
1520,2021-12-21 17:46:28,Киевский вокзал,1400,852
1349,2021-12-21 19:16:30,Киевский вокзал,1400,1183
1233,2021-12-21 19:24:33,Киевский вокзал,1400,1305
1372,2021-12-21 20:30:16,Киевский вокзал,1400,1257
1974,2021-12-21 20:40:25,Киевский вокзал,1400,478
55,2021-12-21 20:54:11,Киевский вокзал,1400,873
508,2021-12-21 22:01:29,Киевский вокзал,1400,729
1075,2021-12-21 23:02:46,Киевский вокзал,1400,626
355,2021-12-21 23:23:41,Киевский вокзал,1400,296
1029,2021-12-21 23:39:43,Киевский вокзал,1400,1174
472,2021-12-22 00:31:02,Киевский вокзал,1400,1304
1825,2021-12-22 01:23:38,Киевский вокзал,1400,1032
216,2021-12-22 02:15:25,Киевский вокзал,1400,377
1276,2021-12-22 02:23:21,Киевский вокзал,1400,1006
1033,2021-12-22 02:33:59,Киевский вокзал,1400,837
1315,2021-12-22 02:39:20,Киевский вокзал,1400,630
1945,2021-12-22 02:54:52,Киевский вокзал,1400,872
1595,2021-12-22 03:13:04,Киевский вокзал,1400,1118
1651,2021-12-22 03:27:47,Киевский вокзал,1400,355
1452,2021-12-22 04:04:44,Киевский вокзал,1400,873
88,2021-12-22 04:15:40,Киевский вокзал,1400,1396
345,2021-12-22 04:29:07,Киевский вокзал,1400,767
57,2021-12-22 04:45:29,Киевский вокзал,1400,430
3,2021-12-22 05:14:20,Киевский вокзал,1400,424
1327,2021-12-22 05:48:10,Киевский вокзал,1400,1053
45,2021-12-22 06:14:30,Киевский вокзал,1400,1333
239,2021-12-22 06:15:43,Киевский вокзал,1400,867
602,2021-12-22 07:25:36,Киевский вокзал,1400,1133
948,2021-12-22 07:33:33,Киевский вокзал,1400,502
1809,2021-12-22 07:52:28,Киевский вокзал,1400,795
1482,2021-12-22 08:05:54,Киевский вокзал,1400,575
1776,2021-12-22 08:39:15,Киевский вокзал,1400,840
1993,2021-12-22 09:07:05,Киевский вокзал,1400,1298
594,2021-12-22 09:16:42,Киевский вокзал,1400,316
1132,2021-12-22 10:38:30,Киевский вокзал,1400,726
1182,2021-12-22 10:47:36,Киевский вокзал,1400,606
393,2021-12-22 10:47:58,Киевский вокзал,1400,1343
235,2021-12-22 10:50:33,Киевский вокзал,1400,766
62,2021-12-22 11:20:55,Киевский вокзал,1400,1008
1741,2021-12-22 11:32:19,Киевский вокзал,1400,876
910,2021-12-22 12:04:13,Киевский вокзал,1400,871
80,2021-12-22 12:14:02,Киевский вокзал,1400,478
1406,2021-12-22 12:20:52,Киевский вокзал,1400,430
1135,2021-12-22 12:32:11,Киевский вокзал,1400,484
298,2021-12-22 12:50:06,Киевский вокзал,1400,1055
296,2021-12-22 12:53:16,Киевский вокзал,1400,328
1386,2021-12-22 13:09:08,Киевский вокзал,1400,1358
1124,2021-12-22 13:21:27,Киевский вокзал,1400,735
1511,2021-12-22 14:21:45,Киевский вокзал,1400,338
458,2021-12-22 14:23:05,Киевский вокзал,1400,1016
1397,2021-12-22 14:54:52,Киевский вокзал,1400,690
1941,2021-12-22 15:07:12,Киевский вокзал,1400,607
484,2021-12-22 15:28:39,Киевский вокзал,1400,917
1177,2021-12-22 16:15:41,Киевский вокзал,1400,401
384,2021-12-22 16:52:45,Киевский вокзал,1400,884
310,2021-12-22 17:09:47,Киевский вокзал,1400,756
374,2021-12-22 17:20:22,Киевский вокзал,1400,1148
1958,2021-12-22 18:38:12,Киевский вокзал,1400,721
1461,2021-12-22 18:49:43,Киевский вокзал,1400,989
306,2021-12-22 19:13:24,Киевский вокзал,1400,1045
48,2021-12-22 19:56:27,Киевский вокзал,1400,368
927,2021-12-22 20:00:33,Киевский вокзал,1400,635
1153,2021-12-22 20:02:29,Киевский вокзал,1400,656
159,2021-12-22 20:04:47,Киевский вокзал,1400,1018
1359,2021-12-22 20:27:17,Киевский вокзал,1400,726
492,2021-12-22 21:57:04,Киевский вокзал,1400,827
1609,2021-12-22 22:36:12,Киевский вокзал,1400,1041
182,2021-12-22 22:46:06,Киевский вокзал,1400,1110
1300,2021-12-22 22:59:11,Киевский вокзал,1400,1252
1258,2021-12-22 23:11:06,Киевский вокзал,1400,294
1440,2021-12-22 23:54:19,Киевский вокзал,1400,352
1085,2021-12-23 01:38:30,Киевский вокзал,1400,478
1556,2021-12-23 03:52:13,Киевский вокзал,1400,612
176,2021-12-23 04:25:15,Киевский вокзал,1400,310
413,2021-12-23 04:56:18,Киевский вокзал,1400,779
623,2021-12-23 04:58:37,Киевский вокзал,1400,634
748,2021-12-23 05:12:46,Киевский вокзал,1400,390
1074,2021-12-23 05:45:15,Киевский вокзал,1400,588
1838,2021-12-23 06:47:04,Киевский вокзал,1400,414
1047,2021-12-23 07:24:17,Киевский вокзал,1400,1327
1398,2021-12-23 07:41:39,Киевский вокзал,1400,654
926,2021-12-21 14:11:44,Кленовый бульвар,1000,545
903,2021-12-21 14:28:27,Кленовый бульвар,1000,950
234,2021-12-21 14:47:55,Кленовый бульвар,1000,219
1824,2021-12-21 14:56:24,Кленовый бульвар,1000,461
531,2021-12-21 15:07:45,Кленовый бульвар,1000,644
1731,2021-12-21 15:19:45,Кленовый бульвар,1000,301
625,2021-12-21 16:00:43,Кленовый бульвар,1000,729
1573,2021-12-21 17:34:28,Кленовый бульвар,1000,817
232,2021-12-21 17:54:42,Кленовый бульвар,1000,686
781,2021-12-21 18:30:15,Кленовый бульвар,1000,774
1547,2021-12-21 18:35:54,Кленовый бульвар,1000,597
1092,2021-12-21 18:39:28,Кленовый бульвар,1000,652
1614,2021-12-21 18:40:43,Кленовый бульвар,1000,781
1319,2021-12-21 18:55:04,Кленовый бульвар,1000,718
1980,2021-12-21 19:37:48,Кленовый бульвар,1000,438
1562,2021-12-21 19:44:36,Кленовый бульвар,1000,940
1270,2021-12-21 19:56:12,Кленовый бульвар,1000,881
1677,2021-12-21 20:06:49,Кленовый бульвар,1000,461
473,2021-12-21 20:18:21,Кленовый бульвар,1000,592
937,2021-12-21 20:21:12,Кленовый бульвар,1000,408
862,2021-12-21 20:37:00,Кленовый бульвар,1000,351
1618,2021-12-21 20:37:11,Кленовый бульвар,1000,826
787,2021-12-21 21:03:31,Кленовый бульвар,1000,619
1712,2021-12-21 21:37:53,Кленовый бульвар,1000,617
985,2021-12-21 21:38:52,Кленовый бульвар,1000,621
692,2021-12-21 22:24:40,Кленовый бульвар,1000,588
1806,2021-12-21 22:30:51,Кленовый бульвар,1000,438
1847,2021-12-21 23:10:53,Кленовый бульвар,1000,568
1681,2021-12-22 00:10:39,Кленовый бульвар,1000,303
608,2021-12-22 00:38:28,Кленовый бульвар,1000,376
1793,2021-12-22 00:41:52,Кленовый бульвар,1000,686
1984,2021-12-22 00:54:42,Кленовый бульвар,1000,482
1669,2021-12-22 01:09:21,Кленовый бульвар,1000,448
268,2021-12-22 01:21:03,Кленовый бульвар,1000,633
1756,2021-12-22 02:25:42,Кленовый бульвар,1000,755
1326,2021-12-22 02:29:51,Кленовый бульвар,1000,858
656,2021-12-22 02:38:35,Кленовый бульвар,1000,893
708,2021-12-22 02:45:35,Кленовый бульвар,1000,737
1784,2021-12-22 04:27:37,Кленовый бульвар,1000,515
1718,2021-12-22 04:46:37,Кленовый бульвар,1000,279
1134,2021-12-22 05:28:27,Кленовый бульвар,1000,834
1263,2021-12-22 05:30:01,Кленовый бульвар,1000,742
1907,2021-12-22 06:27:35,Кленовый бульвар,1000,933
1088,2021-12-22 06:57:23,Кленовый бульвар,1000,230
547,2021-12-22 07:05:08,Кленовый бульвар,1000,344
527,2021-12-22 07:15:42,Кленовый бульвар,1000,219
1896,2021-12-22 07:30:36,Кленовый бульвар,1000,671
1504,2021-12-22 08:23:14,Кленовый бульвар,1000,914
1663,2021-12-22 08:28:25,Кленовый бульвар,1000,977
1314,2021-12-22 08:58:14,Кленовый бульвар,1000,677
1888,2021-12-22 10:14:34,Кленовый бульвар,1000,323
713,2021-12-22 11:03:22,Кленовый бульвар,1000,672
1066,2021-12-22 11:39:03,Кленовый бульвар,1000,461
1437,2021-12-22 12:07:52,Кленовый бульвар,1000,369
1763,2021-12-22 13:51:23,Кленовый бульвар,1000,364
1082,2021-12-22 14:09:24,Кленовый бульвар,1000,667
740,2021-12-22 15:17:33,Кленовый бульвар,1000,699
596,2021-12-22 15:37:04,Кленовый бульвар,1000,937
1172,2021-12-22 17:51:09,Кленовый бульвар,1000,702
1234,2021-12-22 17:57:29,Кленовый бульвар,1000,448
842,2021-12-22 19:35:55,Кленовый бульвар,1000,962
723,2021-12-22 19:42:01,Кленовый бульвар,1000,422
1932,2021-12-22 20:03:12,Кленовый бульвар,1000,770
1374,2021-12-22 20:44:44,Кленовый бульвар,1000,543
1000,2021-12-22 21:14:43,Кленовый бульвар,1000,645
1992,2021-12-22 21:21:05,Кленовый бульвар,1000,523
223,2021-12-22 22:32:46,Кленовый бульвар,1000,642
17,2021-12-22 22:53:36,Кленовый бульвар,1000,968
570,2021-12-22 23:07:21,Кленовый бульвар,1000,840
1856,2021-12-22 23:08:25,Кленовый бульвар,1000,772
320,2021-12-22 23:10:16,Кленовый бульвар,1000,398
493,2021-12-22 23:25:54,Кленовый бульвар,1000,812
323,2021-12-23 00:05:43,Кленовый бульвар,1000,435
1834,2021-12-23 00:32:09,Кленовый бульвар,1000,232
1695,2021-12-23 01:30:33,Кленовый бульвар,1000,237
1927,2021-12-23 02:56:30,Кленовый бульвар,1000,717
843,2021-12-23 03:20:50,Кленовый бульвар,1000,895
726,2021-12-23 05:07:03,Кленовый бульвар,1000,558
1091,2021-12-23 05:53:34,Кленовый бульвар,1000,312
1101,2021-12-23 06:01:12,Кленовый бульвар,1000,577
1385,2021-12-23 06:51:31,Кленовый бульвар,1000,256
881,2021-12-23 07:31:35,Кленовый бульвар,1000,561
1561,2021-12-23 07:40:18,Кленовый бульвар,1000,221
82,2021-12-21 15:32:41,Коломенская набережная,1900,1719
772,2021-12-21 16:01:16,Коломенская набережная,1900,1526
200,2021-12-21 16:07:48,Коломенская набережная,1900,1228
1483,2021-12-21 16:23:26,Коломенская набережная,1900,939
667,2021-12-21 17:08:35,Коломенская набережная,1900,1142
97,2021-12-21 17:26:22,Коломенская набережная,1900,1702
941,2021-12-21 17:58:14,Коломенская набережная,1900,1377
820,2021-12-21 18:03:34,Коломенская набережная,1900,496
1168,2021-12-21 18:24:59,Коломенская набережная,1900,672
799,2021-12-21 19:17:35,Коломенская набережная,1900,1157
924,2021-12-21 20:04:47,Коломенская набережная,1900,1815
469,2021-12-21 20:05:28,Коломенская набережная,1900,756
523,2021-12-21 20:37:03,Коломенская набережная,1900,997
1959,2021-12-21 21:22:11,Коломенская набережная,1900,925
813,2021-12-21 21:53:48,Коломенская набережная,1900,1247
465,2021-12-21 22:35:06,Коломенская набережная,1900,612
256,2021-12-21 23:02:04,Коломенская набережная,1900,1614
23,2021-12-21 23:08:09,Коломенская набережная,1900,664
660,2021-12-21 23:32:52,Коломенская набережная,1900,1406
1530,2021-12-22 00:29:13,Коломенская набережная,1900,1042
1418,2021-12-22 00:36:57,Коломенская набережная,1900,1215
601,2021-12-22 00:58:16,Коломенская набережная,1900,1187
884,2021-12-22 03:18:14,Коломенская набережная,1900,425
1924,2021-12-22 04:20:45,Коломенская набережная,1900,808
724,2021-12-22 04:32:59,Коломенская набережная,1900,1038
675,2021-12-22 04:44:20,Коломенская набережная,1900,1802
913,2021-12-22 05:07:57,Коломенская набережная,1900,1110
1409,2021-12-22 05:18:05,Коломенская набережная,1900,1668
281,2021-12-22 05:33:21,Коломенская набережная,1900,649
1109,2021-12-22 06:21:05,Коломенская набережная,1900,671
715,2021-12-22 07:10:38,Коломенская набережная,1900,1065
66,2021-12-22 08:16:01,Коломенская набережная,1900,457
1709,2021-12-22 08:44:42,Коломенская набережная,1900,1135
1240,2021-12-22 09:10:24,Коломенская набережная,1900,1667
868,2021-12-22 09:34:03,Коломенская набережная,1900,1587
620,2021-12-22 09:56:27,Коломенская набережная,1900,1722
1119,2021-12-22 10:05:16,Коломенская набережная,1900,675
756,2021-12-22 11:24:19,Коломенская набережная,1900,1765
1152,2021-12-22 11:34:14,Коломенская набережная,1900,967
644,2021-12-22 11:51:21,Коломенская набережная,1900,883
244,2021-12-22 12:05:33,Коломенская набережная,1900,473
782,2021-12-22 12:30:14,Коломенская набережная,1900,383
763,2021-12-22 12:48:07,Коломенская набережная,1900,1697
1107,2021-12-22 12:54:24,Коломенская набережная,1900,726
773,2021-12-22 13:08:26,Коломенская набережная,1900,1469
671,2021-12-22 13:42:48,Коломенская набережная,1900,1460
1146,2021-12-22 13:58:07,Коломенская набережная,1900,1782
777,2021-12-22 14:04:13,Коломенская набережная,1900,643
166,2021-12-22 14:11:13,Коломенская набережная,1900,1247
28,2021-12-22 14:27:14,Коломенская набережная,1900,1655
1600,2021-12-22 15:19:00,Коломенская набережная,1900,1165
1768,2021-12-22 15:21:45,Коломенская набережная,1900,719
1823,2021-12-22 15:23:55,Коломенская набережная,1900,1342
1947,2021-12-22 15:31:34,Коломенская набережная,1900,1264
1904,2021-12-22 15:34:16,Коломенская набережная,1900,691
1755,2021-12-22 16:55:28,Коломенская набережная,1900,1650
1283,2021-12-22 17:28:57,Коломенская набережная,1900,1566
123,2021-12-22 19:45:18,Коломенская набережная,1900,1886
1019,2021-12-22 19:46:32,Коломенская набережная,1900,1601
1181,2021-12-22 20:45:11,Коломенская набережная,1900,829
796,2021-12-22 20:45:52,Коломенская набережная,1900,846
12,2021-12-22 21:09:52,Коломенская набережная,1900,383
1973,2021-12-22 21:24:15,Коломенская набережная,1900,1484
887,2021-12-22 21:38:47,Коломенская набережная,1900,458
1288,2021-12-22 22:13:11,Коломенская набережная,1900,1335
586,2021-12-22 22:18:58,Коломенская набережная,1900,848
584,2021-12-22 22:56:39,Коломенская набережная,1900,1869
335,2021-12-22 23:49:20,Коломенская набережная,1900,1280
1030,2021-12-23 00:09:19,Коломенская набережная,1900,612
1774,2021-12-23 00:30:45,Коломенская набережная,1900,493
1605,2021-12-23 00:39:21,Коломенская набережная,1900,1502
230,2021-12-23 00:57:35,Коломенская набережная,1900,1803
1215,2021-12-23 01:12:39,Коломенская набережная,1900,1398
1657,2021-12-23 01:34:29,Коломенская набережная,1900,1131
814,2021-12-23 02:02:37,Коломенская набережная,1900,388
1291,2021-12-23 02:05:17,Коломенская набережная,1900,838
1077,2021-12-23 02:54:40,Коломенская набережная,1900,893
1343,2021-12-23 02:55:56,Коломенская набережная,1900,686
587,2021-12-23 03:32:34,Коломенская набережная,1900,736
1994,2021-12-23 03:48:29,Коломенская набережная,1900,1617
428,2021-12-23 03:52:54,Коломенская набережная,1900,724
1427,2021-12-23 04:16:49,Коломенская набережная,1900,1588
1692,2021-12-23 04:37:09,Коломенская набережная,1900,1169
63,2021-12-23 04:48:01,Коломенская набережная,1900,1315
745,2021-12-23 05:18:12,Коломенская набережная,1900,956
695,2021-12-23 05:20:06,Коломенская набережная,1900,1836
1218,2021-12-23 05:21:46,Коломенская набережная,1900,1393
4,2021-12-23 06:21:10,Коломенская набережная,1900,1297
823,2021-12-23 06:26:56,Коломенская набережная,1900,1321
1791,2021-12-23 06:32:19,Коломенская набережная,1900,1271
1307,2021-12-23 06:34:53,Коломенская набережная,1900,1661
1786,2021-12-23 06:45:02,Коломенская набережная,1900,570
1949,2021-12-23 06:45:49,Коломенская набережная,1900,570
509,2021-12-23 06:49:39,Коломенская набережная,1900,1400
503,2021-12-23 07:14:35,Коломенская набережная,1900,679
534,2021-12-21 13:38:07,Кутузовский,500,209
1830,2021-12-21 13:51:33,Кутузовский,500,245
177,2021-12-21 16:16:36,Кутузовский,500,377
873,2021-12-21 16:47:43,Кутузовский,500,206
1095,2021-12-21 16:56:23,Кутузовский,500,228
1859,2021-12-21 17:05:08,Кутузовский,500,394
259,2021-12-21 17:36:37,Кутузовский,500,113
407,2021-12-21 18:24:29,Кутузовский,500,281
441,2021-12-21 18:28:38,Кутузовский,500,252
175,2021-12-21 18:59:05,Кутузовский,500,167
1206,2021-12-21 22:16:02,Кутузовский,500,305
1049,2021-12-21 23:06:07,Кутузовский,500,494
77,2021-12-21 23:12:40,Кутузовский,500,239
928,2021-12-22 00:10:02,Кутузовский,500,388
72,2021-12-22 00:18:01,Кутузовский,500,234
1682,2021-12-22 00:24:14,Кутузовский,500,351
1355,2021-12-22 00:38:20,Кутузовский,500,216
659,2021-12-22 01:41:32,Кутузовский,500,145
496,2021-12-22 02:44:07,Кутузовский,500,434
922,2021-12-22 03:11:22,Кутузовский,500,463
1320,2021-12-22 04:08:16,Кутузовский,500,215
822,2021-12-22 05:20:25,Кутузовский,500,430
1213,2021-12-22 06:24:25,Кутузовский,500,400
1323,2021-12-22 07:42:36,Кутузовский,500,259
1874,2021-12-22 08:39:35,Кутузовский,500,407
172,2021-12-22 09:53:51,Кутузовский,500,202
267,2021-12-22 10:04:55,Кутузовский,500,354
629,2021-12-22 10:31:11,Кутузовский,500,294
1895,2021-12-22 10:37:27,Кутузовский,500,371
981,2021-12-22 11:54:30,Кутузовский,500,327
297,2021-12-22 12:34:01,Кутузовский,500,200
1084,2021-12-22 12:44:06,Кутузовский,500,210
457,2021-12-22 12:49:42,Кутузовский,500,343
26,2021-12-22 13:02:34,Кутузовский,500,210
1371,2021-12-22 13:23:30,Кутузовский,500,349
1738,2021-12-22 13:27:15,Кутузовский,500,164
788,2021-12-22 13:43:18,Кутузовский,500,224
651,2021-12-22 14:42:56,Кутузовский,500,224
741,2021-12-22 15:12:05,Кутузовский,500,323
847,2021-12-22 17:12:06,Кутузовский,500,129
1446,2021-12-22 17:42:50,Кутузовский,500,129
899,2021-12-22 19:28:46,Кутузовский,500,104
942,2021-12-22 19:49:47,Кутузовский,500,216
1787,2021-12-22 20:22:49,Кутузовский,500,311
236,2021-12-22 20:43:47,Кутузовский,500,246
1232,2021-12-22 21:16:53,Кутузовский,500,233
50,2021-12-22 22:17:31,Кутузовский,500,465
1628,2021-12-22 22:22:05,Кутузовский,500,427
696,2021-12-22 22:25:10,Кутузовский,500,491
853,2021-12-22 23:07:22,Кутузовский,500,404
1989,2021-12-22 23:13:43,Кутузовский,500,281
765,2021-12-22 23:17:42,Кутузовский,500,367
186,2021-12-23 01:19:43,Кутузовский,500,497
400,2021-12-23 01:20:27,Кутузовский,500,478
1771,2021-12-23 01:42:19,Кутузовский,500,281
1280,2021-12-23 01:54:15,Кутузовский,500,265
1479,2021-12-23 01:58:04,Кутузовский,500,443
196,2021-12-23 02:29:52,Кутузовский,500,488
361,2021-12-23 02:58:00,Кутузовский,500,175
751,2021-12-23 03:16:15,Кутузовский,500,208
414,2021-12-23 04:27:58,Кутузовский,500,220
43,2021-12-23 05:09:42,Кутузовский,500,298
1154,2021-12-23 06:28:21,Кутузовский,500,480
392,2021-12-23 06:36:25,Кутузовский,500,176
1696,2021-12-23 06:48:50,Кутузовский,500,168
1201,2021-12-23 07:38:09,Кутузовский,500,381
133,2021-12-23 07:45:48,Кутузовский,500,327
1846,2021-12-21 14:46:28,Мелькомбинат,1400,1328
226,2021-12-21 14:57:11,Мелькомбинат,1400,745
900,2021-12-21 15:06:26,Мелькомбинат,1400,1229
295,2021-12-21 15:22:28,Мелькомбинат,1400,1387
388,2021-12-21 15:54:31,Мелькомбинат,1400,614
250,2021-12-21 16:29:35,Мелькомбинат,1400,914
1872,2021-12-21 17:03:42,Мелькомбинат,1400,738
466,2021-12-21 19:31:39,Мелькомбинат,1400,378
943,2021-12-21 19:44:18,Мелькомбинат,1400,987
1336,2021-12-21 19:57:13,Мелькомбинат,1400,1375
631,2021-12-21 20:13:26,Мелькомбинат,1400,805
1762,2021-12-21 20:24:48,Мелькомбинат,1400,1061
1113,2021-12-21 20:27:14,Мелькомбинат,1400,1396
348,2021-12-21 20:27:29,Мелькомбинат,1400,1164
1935,2021-12-21 21:08:09,Мелькомбинат,1400,678
1742,2021-12-21 21:51:12,Мелькомбинат,1400,864
1457,2021-12-21 22:08:02,Мелькомбинат,1400,1291
1523,2021-12-21 22:14:05,Мелькомбинат,1400,1365
1760,2021-12-21 22:14:51,Мелькомбинат,1400,397
1278,2021-12-21 22:43:18,Мелькомбинат,1400,704
1046,2021-12-21 22:55:58,Мелькомбинат,1400,1293
433,2021-12-22 00:20:44,Мелькомбинат,1400,977
1328,2021-12-22 01:08:55,Мелькомбинат,1400,778
1190,2021-12-22 01:26:01,Мелькомбинат,1400,1194
603,2021-12-22 04:31:38,Мелькомбинат,1400,1391
553,2021-12-22 04:43:41,Мелькомбинат,1400,845
360,2021-12-22 04:49:35,Мелькомбинат,1400,1065
1230,2021-12-22 05:29:54,Мелькомбинат,1400,327
683,2021-12-22 05:38:47,Мелькомбинат,1400,1111
260,2021-12-22 06:16:11,Мелькомбинат,1400,1271
1310,2021-12-22 06:28:28,Мелькомбинат,1400,453
51,2021-12-22 06:39:34,Мелькомбинат,1400,1151
499,2021-12-22 07:22:11,Мелькомбинат,1400,319
1849,2021-12-22 08:07:56,Мелькомбинат,1400,1145
1362,2021-12-22 08:22:31,Мелькомбинат,1400,821
1517,2021-12-22 08:47:52,Мелькомбинат,1400,951
169,2021-12-22 09:09:09,Мелькомбинат,1400,419
1090,2021-12-22 09:32:40,Мелькомбинат,1400,850
448,2021-12-22 10:27:28,Мелькомбинат,1400,614
1130,2021-12-22 10:33:40,Мелькомбинат,1400,1299
1223,2021-12-22 10:34:54,Мелькомбинат,1400,658
1361,2021-12-22 11:46:15,Мелькомбинат,1400,1252
1495,2021-12-22 12:44:41,Мелькомбинат,1400,1324
394,2021-12-22 13:13:40,Мелькомбинат,1400,1267
1252,2021-12-22 14:06:21,Мелькомбинат,1400,1182
1016,2021-12-22 14:37:11,Мелькомбинат,1400,1198
1031,2021-12-22 15:12:39,Мелькомбинат,1400,1190
304,2021-12-22 15:15:18,Мелькомбинат,1400,325
1659,2021-12-22 15:40:53,Мелькомбинат,1400,1198
1619,2021-12-22 16:09:15,Мелькомбинат,1400,388
1179,2021-12-22 16:53:54,Мелькомбинат,1400,1368
1184,2021-12-22 17:55:05,Мелькомбинат,1400,352
229,2021-12-22 18:11:42,Мелькомбинат,1400,606
1985,2021-12-22 18:23:24,Мелькомбинат,1400,1140
1620,2021-12-22 18:35:18,Мелькомбинат,1400,1313
597,2021-12-22 18:52:31,Мелькомбинат,1400,1081
1121,2021-12-22 19:02:59,Мелькомбинат,1400,756
1976,2021-12-22 19:03:40,Мелькомбинат,1400,897
800,2021-12-22 19:07:30,Мелькомбинат,1400,517
425,2021-12-22 19:08:07,Мелькомбинат,1400,971
1442,2021-12-22 19:25:07,Мелькомбинат,1400,1147
897,2021-12-22 19:25:31,Мелькомбинат,1400,1355
1639,2021-12-22 20:52:20,Мелькомбинат,1400,1391
375,2021-12-22 20:56:26,Мелькомбинат,1400,415
1192,2021-12-22 21:08:27,Мелькомбинат,1400,399
521,2021-12-22 21:13:19,Мелькомбинат,1400,847
1714,2021-12-22 21:41:33,Мелькомбинат,1400,1036
933,2021-12-22 21:53:32,Мелькомбинат,1400,485
215,2021-12-22 22:41:40,Мелькомбинат,1400,962
1818,2021-12-22 23:09:05,Мелькомбинат,1400,835
225,2021-12-22 23:24:20,Мелькомбинат,1400,668
791,2021-12-23 00:43:59,Мелькомбинат,1400,1294
1871,2021-12-23 01:55:12,Мелькомбинат,1400,424
966,2021-12-23 02:20:59,Мелькомбинат,1400,719
76,2021-12-23 03:23:41,Мелькомбинат,1400,985
189,2021-12-23 04:16:09,Мелькомбинат,1400,1146
1027,2021-12-23 04:16:24,Мелькомбинат,1400,1154
992,2021-12-23 04:16:49,Мелькомбинат,1400,639
185,2021-12-23 04:48:32,Мелькомбинат,1400,330
1737,2021-12-23 05:19:21,Мелькомбинат,1400,795
1900,2021-12-23 06:06:03,Мелькомбинат,1400,336
764,2021-12-23 06:13:26,Мелькомбинат,1400,904
294,2021-12-23 07:46:41,Мелькомбинат,1400,293
670,2021-12-21 14:21:46,Москва-Сити,1200,460
598,2021-12-21 14:54:06,Москва-Сити,1200,432
646,2021-12-21 15:21:26,Москва-Сити,1200,487
324,2021-12-21 16:04:15,Москва-Сити,1200,285
1622,2021-12-21 16:09:36,Москва-Сити,1200,911
270,2021-12-21 16:40:07,Москва-Сити,1200,1075
794,2021-12-21 16:53:44,Москва-Сити,1200,262
83,2021-12-21 19:08:05,Москва-Сити,1200,724
571,2021-12-21 19:22:03,Москва-Сити,1200,330
664,2021-12-21 19:44:31,Москва-Сити,1200,1067
914,2021-12-21 21:05:14,Москва-Сити,1200,441
998,2021-12-21 21:11:37,Москва-Сити,1200,893
706,2021-12-21 21:50:32,Москва-Сити,1200,1028
266,2021-12-21 22:29:02,Москва-Сити,1200,968
336,2021-12-21 22:43:29,Москва-Сити,1200,548
778,2021-12-21 23:42:08,Москва-Сити,1200,603
648,2021-12-22 00:01:09,Москва-Сити,1200,427
486,2021-12-22 00:02:16,Москва-Сити,1200,771
1951,2021-12-22 01:11:42,Москва-Сити,1200,1054
49,2021-12-22 02:06:09,Москва-Сити,1200,697
5,2021-12-22 02:40:13,Москва-Сити,1200,933
1544,2021-12-22 03:05:47,Москва-Сити,1200,980
436,2021-12-22 03:18:30,Москва-Сити,1200,866
103,2021-12-22 03:27:42,Москва-Сити,1200,976
1955,2021-12-22 03:30:11,Москва-Сити,1200,505
126,2021-12-22 04:33:37,Москва-Сити,1200,312
91,2021-12-22 05:10:03,Москва-Сити,1200,513
299,2021-12-22 05:19:57,Москва-Сити,1200,699
164,2021-12-22 05:23:46,Москва-Сити,1200,635
817,2021-12-22 06:20:07,Москва-Сити,1200,1044
39,2021-12-22 06:55:22,Москва-Сити,1200,835
1842,2021-12-22 07:12:47,Москва-Сити,1200,627
1424,2021-12-22 07:12:58,Москва-Сити,1200,739
405,2021-12-22 07:16:08,Москва-Сити,1200,394
838,2021-12-22 07:43:10,Москва-Сити,1200,672
342,2021-12-22 07:44:08,Москва-Сити,1200,691
292,2021-12-22 07:45:37,Москва-Сити,1200,497
1577,2021-12-22 08:05:17,Москва-Сити,1200,245
118,2021-12-22 08:42:26,Москва-Сити,1200,1058
1761,2021-12-22 09:10:27,Москва-Сити,1200,996
1878,2021-12-22 09:55:19,Москва-Сити,1200,1121
545,2021-12-22 09:56:07,Москва-Сити,1200,976
325,2021-12-22 11:27:00,Москва-Сити,1200,485
155,2021-12-22 11:40:15,Москва-Сити,1200,1196
1345,2021-12-22 12:23:54,Москва-Сити,1200,561
1163,2021-12-22 12:50:19,Москва-Сити,1200,966
1725,2021-12-22 13:53:49,Москва-Сити,1200,266
1324,2021-12-22 14:24:00,Москва-Сити,1200,422
40,2021-12-22 14:39:42,Москва-Сити,1200,883
681,2021-12-22 14:45:53,Москва-Сити,1200,839
1096,2021-12-22 16:02:30,Москва-Сити,1200,1153
1735,2021-12-22 16:47:55,Москва-Сити,1200,1166
382,2021-12-22 17:19:39,Москва-Сити,1200,1061
1052,2021-12-22 17:32:04,Москва-Сити,1200,349
1332,2021-12-22 18:32:22,Москва-Сити,1200,567
1341,2021-12-22 18:34:34,Москва-Сити,1200,1116
526,2021-12-22 18:41:27,Москва-Сити,1200,592
1673,2021-12-22 19:05:45,Москва-Сити,1200,695
402,2021-12-22 19:49:23,Москва-Сити,1200,399
1340,2021-12-22 20:09:53,Москва-Сити,1200,636
701,2021-12-22 21:12:34,Москва-Сити,1200,820
285,2021-12-22 22:32:51,Москва-Сити,1200,667
1432,2021-12-22 22:47:39,Москва-Сити,1200,625
1604,2021-12-23 00:15:55,Москва-Сити,1200,1194
1917,2021-12-23 00:35:09,Москва-Сити,1200,855
555,2021-12-23 00:40:51,Москва-Сити,1200,270
329,2021-12-23 00:41:40,Москва-Сити,1200,570
129,2021-12-23 00:48:20,Москва-Сити,1200,504
1251,2021-12-23 02:09:20,Москва-Сити,1200,548
705,2021-12-23 02:58:38,Москва-Сити,1200,800
915,2021-12-23 03:29:19,Москва-Сити,1200,1138
25,2021-12-23 04:50:18,Москва-Сити,1200,375
1003,2021-12-23 05:22:04,Москва-Сити,1200,1025
203,2021-12-23 05:45:09,Москва-Сити,1200,374
754,2021-12-23 06:30:16,Москва-Сити,1200,398
95,2021-12-23 06:40:46,Москва-Сити,1200,609
1352,2021-12-21 13:48:05,Мост Багратион,1600,496
1693,2021-12-21 14:02:35,Мост Багратион,1600,1475
1521,2021-12-21 14:12:03,Мост Багратион,1600,481
37,2021-12-21 14:12:38,Мост Багратион,1600,331
455,2021-12-21 15:56:15,Мост Багратион,1600,733
1716,2021-12-21 17:19:29,Мост Багратион,1600,1275
288,2021-12-21 17:53:25,Мост Багратион,1600,1489
1078,2021-12-21 17:57:37,Мост Багратион,1600,1188
716,2021-12-21 18:26:45,Мост Багратион,1600,1249
1138,2021-12-21 18:28:53,Мост Багратион,1600,424
1870,2021-12-21 18:43:03,Мост Багратион,1600,824
1472,2021-12-21 18:43:15,Мост Багратион,1600,401
1885,2021-12-21 18:55:44,Мост Багратион,1600,899
68,2021-12-21 19:15:29,Мост Багратион,1600,1533
780,2021-12-21 19:18:48,Мост Багратион,1600,521
218,2021-12-21 19:27:19,Мост Багратион,1600,912
237,2021-12-21 19:37:39,Мост Багратион,1600,642
793,2021-12-21 19:54:26,Мост Багратион,1600,841
1990,2021-12-21 20:48:29,Мост Багратион,1600,651
1042,2021-12-21 21:05:24,Мост Багратион,1600,558
78,2021-12-21 21:41:59,Мост Багратион,1600,991
1590,2021-12-21 22:04:35,Мост Багратион,1600,706
702,2021-12-21 22:13:30,Мост Багратион,1600,1156
1296,2021-12-21 22:35:27,Мост Багратион,1600,425
972,2021-12-21 22:42:05,Мост Багратион,1600,787
1633,2021-12-21 23:46:47,Мост Багратион,1600,1380
663,2021-12-22 00:08:52,Мост Багратион,1600,718
1679,2021-12-22 00:48:12,Мост Багратион,1600,694
1751,2021-12-22 00:54:03,Мост Багратион,1600,1456
1805,2021-12-22 00:54:12,Мост Багратион,1600,1261
148,2021-12-22 01:08:23,Мост Багратион,1600,799
951,2021-12-22 01:23:08,Мост Багратион,1600,1551
1879,2021-12-22 01:23:44,Мост Багратион,1600,879
693,2021-12-22 01:31:50,Мост Багратион,1600,1538
557,2021-12-22 01:33:06,Мост Багратион,1600,1275
430,2021-12-22 01:36:32,Мост Багратион,1600,1237
20,2021-12-22 02:01:15,Мост Багратион,1600,988
759,2021-12-22 02:06:50,Мост Багратион,1600,989
750,2021-12-22 02:11:45,Мост Багратион,1600,584
73,2021-12-22 03:01:10,Мост Багратион,1600,516
1267,2021-12-22 03:42:34,Мост Багратион,1600,553
1653,2021-12-22 03:44:41,Мост Багратион,1600,768
1028,2021-12-22 04:04:18,Мост Багратион,1600,1566
1480,2021-12-22 04:14:36,Мост Багратион,1600,816
1621,2021-12-22 04:14:48,Мост Багратион,1600,574
567,2021-12-22 04:47:13,Мост Багратион,1600,696
204,2021-12-22 04:48:15,Мост Багратион,1600,925
134,2021-12-22 05:49:00,Мост Багратион,1600,616
1157,2021-12-22 05:59:53,Мост Багратион,1600,497
673,2021-12-22 06:34:00,Мост Багратион,1600,968
1598,2021-12-22 06:51:03,Мост Багратион,1600,972
1428,2021-12-22 07:11:07,Мост Багратион,1600,1207
357,2021-12-22 07:44:10,Мост Багратион,1600,867
1468,2021-12-22 08:36:02,Мост Багратион,1600,417
1526,2021-12-22 09:17:11,Мост Багратион,1600,1099
878,2021-12-22 09:17:36,Мост Багратион,1600,698
262,2021-12-22 11:11:40,Мост Багратион,1600,1185
774,2021-12-22 11:12:44,Мост Багратион,1600,947
643,2021-12-22 11:36:22,Мост Багратион,1600,1028
152,2021-12-22 11:51:31,Мост Багратион,1600,341
1915,2021-12-22 12:17:54,Мост Багратион,1600,1385
1645,2021-12-22 12:25:08,Мост Багратион,1600,710
885,2021-12-22 12:25:14,Мост Багратион,1600,1436
1694,2021-12-22 12:44:21,Мост Багратион,1600,1077
624,2021-12-22 13:06:29,Мост Багратион,1600,1112
1963,2021-12-22 13:22:57,Мост Багратион,1600,375
647,2021-12-22 14:46:45,Мост Багратион,1600,1505
1211,2021-12-22 16:13:47,Мост Багратион,1600,347
1062,2021-12-22 16:15:01,Мост Багратион,1600,1036
786,2021-12-22 16:20:26,Мост Багратион,1600,1540
1638,2021-12-22 17:41:01,Мост Багратион,1600,548
525,2021-12-22 18:18:21,Мост Багратион,1600,1414
343,2021-12-22 18:30:31,Мост Багратион,1600,1145
923,2021-12-22 18:32:54,Мост Багратион,1600,1014
984,2021-12-22 18:58:57,Мост Багратион,1600,964
1962,2021-12-22 19:21:05,Мост Багратион,1600,1337
1788,2021-12-22 19:56:39,Мост Багратион,1600,1423
1481,2021-12-22 20:02:48,Мост Багратион,1600,1462
1222,2021-12-22 20:14:44,Мост Багратион,1600,1194
352,2021-12-22 20:24:53,Мост Багратион,1600,658
1769,2021-12-22 20:28:39,Мост Багратион,1600,1226
115,2021-12-22 20:52:31,Мост Багратион,1600,723
1581,2021-12-22 22:14:25,Мост Багратион,1600,1566
1512,2021-12-22 23:56:10,Мост Багратион,1600,821
1367,2021-12-23 00:02:06,Мост Багратион,1600,1272
385,2021-12-23 00:25:41,Мост Багратион,1600,1318
956,2021-12-23 00:42:10,Мост Багратион,1600,1480
632,2021-12-23 01:09:03,Мост Багратион,1600,967
561,2021-12-23 01:31:59,Мост Багратион,1600,532
1303,2021-12-23 01:45:43,Мост Багратион,1600,1115
718,2021-12-23 01:55:30,Мост Багратион,1600,1192
635,2021-12-23 01:57:23,Мост Багратион,1600,497
53,2021-12-23 02:14:49,Мост Багратион,1600,822
211,2021-12-23 02:25:09,Мост Багратион,1600,544
1982,2021-12-23 02:43:58,Мост Багратион,1600,1316
1950,2021-12-23 02:50:13,Мост Багратион,1600,439
1290,2021-12-23 02:50:17,Мост Багратион,1600,665
59,2021-12-23 04:07:53,Мост Багратион,1600,1471
1434,2021-12-23 04:15:20,Мост Багратион,1600,918
160,2021-12-23 04:58:38,Мост Багратион,1600,1516
1183,2021-12-23 04:58:59,Мост Багратион,1600,1561
976,2021-12-23 05:19:16,Мост Багратион,1600,1439
283,2021-12-23 06:13:25,Мост Багратион,1600,725
1202,2021-12-23 06:43:46,Мост Багратион,1600,347
1999,2021-12-23 07:06:41,Мост Багратион,1600,1237
1839,2021-12-23 07:16:37,Мост Багратион,1600,1345
1284,2021-12-23 07:22:41,Мост Багратион,1600,561
1507,2021-12-21 13:38:24,Нагатинская набережная,1100,930
1961,2021-12-21 14:11:41,Нагатинская набережная,1100,287
1039,2021-12-21 14:25:57,Нагатинская набережная,1100,232
354,2021-12-21 14:56:18,Нагатинская набережная,1100,539
495,2021-12-21 16:21:55,Нагатинская набережная,1100,731
1966,2021-12-21 17:39:54,Нагатинская набережная,1100,702
1110,2021-12-21 17:40:16,Нагатинская набережная,1100,274
417,2021-12-21 17:54:22,Нагатинская набережная,1100,652
333,2021-12-21 18:17:53,Нагатинская набережная,1100,575
280,2021-12-21 18:38:44,Нагатинская набережная,1100,230
33,2021-12-21 18:43:27,Нагатинская набережная,1100,306
560,2021-12-21 18:59:51,Нагатинская набережная,1100,443
1616,2021-12-21 19:09:05,Нагатинская набережная,1100,757
1914,2021-12-21 19:39:32,Нагатинская набережная,1100,606
541,2021-12-21 20:10:27,Нагатинская набережная,1100,628
359,2021-12-21 20:21:16,Нагатинская набережная,1100,391
753,2021-12-21 21:06:04,Нагатинская набережная,1100,1052
1889,2021-12-21 21:21:41,Нагатинская набережная,1100,886
860,2021-12-21 21:46:07,Нагатинская набережная,1100,664
539,2021-12-21 21:48:30,Нагатинская набережная,1100,313
591,2021-12-21 21:51:22,Нагатинская набережная,1100,321
483,2021-12-21 22:15:20,Нагатинская набережная,1100,310
803,2021-12-21 22:35:11,Нагатинская набережная,1100,845
1554,2021-12-21 22:58:19,Нагатинская набережная,1100,526
1147,2021-12-21 23:35:15,Нагатинская набережная,1100,317
552,2021-12-22 00:27:24,Нагатинская набережная,1100,576
1841,2021-12-22 00:40:39,Нагатинская набережная,1100,1062
1697,2021-12-22 00:56:59,Нагатинская набережная,1100,551
1937,2021-12-22 01:02:59,Нагатинская набережная,1100,739
240,2021-12-22 01:05:05,Нагатинская набережная,1100,1042
737,2021-12-22 02:05:16,Нагатинская набережная,1100,244
464,2021-12-22 02:07:09,Нагатинская набережная,1100,1000
1395,2021-12-22 03:10:14,Нагатинская набережная,1100,996
639,2021-12-22 04:43:50,Нагатинская набережная,1100,405
1447,2021-12-22 04:56:42,Нагатинская набережная,1100,356
506,2021-12-22 05:28:12,Нагатинская набережная,1100,723
142,2021-12-22 05:39:27,Нагатинская набережная,1100,230
674,2021-12-22 06:12:20,Нагатинская набережная,1100,597
167,2021-12-22 06:36:25,Нагатинская набережная,1100,895
1580,2021-12-22 06:39:46,Нагатинская набережная,1100,502
220,2021-12-22 06:45:17,Нагатинская набережная,1100,349
828,2021-12-22 07:15:28,Нагатинская набережная,1100,647
1499,2021-12-22 07:17:18,Нагатинская набережная,1100,800
147,2021-12-22 08:11:42,Нагатинская набережная,1100,895
1137,2021-12-22 08:24:25,Нагатинская набережная,1100,659
1996,2021-12-22 08:52:24,Нагатинская набережная,1100,943
1099,2021-12-22 08:59:31,Нагатинская набережная,1100,758
265,2021-12-22 09:11:13,Нагатинская набережная,1100,983
1312,2021-12-22 09:13:54,Нагатинская набережная,1100,931
1837,2021-12-22 09:21:43,Нагатинская набережная,1100,262
932,2021-12-22 10:05:41,Нагатинская набережная,1100,480
1439,2021-12-22 10:25:40,Нагатинская набережная,1100,473
1862,2021-12-22 10:58:00,Нагатинская набережная,1100,873
581,2021-12-22 11:07:08,Нагатинская набережная,1100,802
699,2021-12-22 11:11:10,Нагатинская набережная,1100,668
672,2021-12-22 11:52:38,Нагатинская набережная,1100,572
1672,2021-12-22 12:05:36,Нагатинская набережная,1100,681
443,2021-12-22 12:40:44,Нагатинская набережная,1100,1024
121,2021-12-22 12:42:18,Нагатинская набережная,1100,679
1972,2021-12-22 13:34:24,Нагатинская набережная,1100,639
1631,2021-12-22 13:42:25,Нагатинская набережная,1100,1026
1004,2021-12-22 13:46:57,Нагатинская набережная,1100,585
1543,2021-12-22 13:56:25,Нагатинская набережная,1100,405
61,2021-12-22 14:39:17,Нагатинская набережная,1100,955
983,2021-12-22 14:51:47,Нагатинская набережная,1100,696
1960,2021-12-22 14:54:51,Нагатинская набережная,1100,275
1026,2021-12-22 15:26:10,Нагатинская набережная,1100,350
1502,2021-12-22 16:38:27,Нагатинская набережная,1100,690
1430,2021-12-22 16:44:53,Нагатинская набережная,1100,670
1129,2021-12-22 17:40:53,Нагатинская набережная,1100,262
35,2021-12-22 17:53:45,Нагатинская набережная,1100,927
245,2021-12-22 18:17:30,Нагатинская набережная,1100,350
1578,2021-12-22 19:21:41,Нагатинская набережная,1100,630
217,2021-12-22 19:29:25,Нагатинская набережная,1100,337
1954,2021-12-22 19:52:21,Нагатинская набережная,1100,352
519,2021-12-22 20:24:56,Нагатинская набережная,1100,579
1901,2021-12-22 22:24:53,Нагатинская набережная,1100,712
1018,2021-12-22 22:25:31,Нагатинская набережная,1100,394
1381,2021-12-22 22:47:16,Нагатинская набережная,1100,265
962,2021-12-22 23:09:34,Нагатинская набережная,1100,705
1998,2021-12-22 23:11:29,Нагатинская набережная,1100,717
205,2021-12-22 23:15:10,Нагатинская набережная,1100,967
1496,2021-12-22 23:15:33,Нагатинская набережная,1100,457
395,2021-12-22 23:27:04,Нагатинская набережная,1100,568
1400,2021-12-22 23:30:56,Нагатинская набережная,1100,1007
1139,2021-12-22 23:51:28,Нагатинская набережная,1100,939
1053,2021-12-22 23:55:28,Нагатинская набережная,1100,1001
1170,2021-12-23 00:30:09,Нагатинская набережная,1100,510
1782,2021-12-23 01:33:54,Нагатинская набережная,1100,1045
453,2021-12-23 01:41:36,Нагатинская набережная,1100,481
848,2021-12-23 01:52:41,Нагатинская набережная,1100,839
415,2021-12-23 02:45:30,Нагатинская набережная,1100,730
636,2021-12-23 03:24:05,Нагатинская набережная,1100,628
600,2021-12-23 03:53:33,Нагатинская набережная,1100,1054
1804,2021-12-23 04:11:50,Нагатинская набережная,1100,269
1844,2021-12-23 04:32:28,Нагатинская набережная,1100,894
1097,2021-12-23 05:17:27,Нагатинская набережная,1100,1031
460,2021-12-23 05:42:54,Нагатинская набережная,1100,633
961,2021-12-23 05:56:13,Нагатинская набережная,1100,887
1797,2021-12-23 06:25:30,Нагатинская набережная,1100,961
272,2021-12-23 07:12:10,Нагатинская набережная,1100,573
819,2021-12-23 07:25:58,Нагатинская набережная,1100,706
1059,2021-12-23 07:49:07,Нагатинская набережная,1100,460
287,2021-12-21 13:53:10,Негатинский затон,1000,308
1887,2021-12-21 14:10:29,Негатинский затон,1000,802
650,2021-12-21 14:31:30,Негатинский затон,1000,637
588,2021-12-21 14:54:25,Негатинский затон,1000,415
1986,2021-12-21 14:55:46,Негатинский затон,1000,540
1936,2021-12-21 16:49:10,Негатинский затон,1000,779
1115,2021-12-21 17:03:08,Негатинский затон,1000,721
1475,2021-12-21 17:19:01,Негатинский затон,1000,626
1037,2021-12-21 18:21:43,Негатинский затон,1000,567
132,2021-12-21 18:25:34,Негатинский затон,1000,771
1680,2021-12-21 18:37:45,Негатинский затон,1000,862
1537,2021-12-21 18:55:41,Негатинский затон,1000,619
563,2021-12-21 19:02:37,Негатинский затон,1000,510
1623,2021-12-21 19:46:25,Негатинский затон,1000,788
158,2021-12-21 19:53:39,Негатинский затон,1000,972
514,2021-12-21 20:39:46,Негатинский затон,1000,443
797,2021-12-21 21:14:51,Негатинский затон,1000,254
569,2021-12-21 22:12:13,Негатинский затон,1000,527
168,2021-12-21 22:55:06,Негатинский затон,1000,371
615,2021-12-21 23:48:26,Негатинский затон,1000,372
1687,2021-12-21 23:53:00,Негатинский затон,1000,566
1144,2021-12-22 00:04:41,Негатинский затон,1000,591
58,2021-12-22 00:28:40,Негатинский затон,1000,958
1344,2021-12-22 00:30:12,Негатинский затон,1000,662
633,2021-12-22 00:45:41,Негатинский затон,1000,868
1463,2021-12-22 00:53:54,Негатинский затон,1000,926
652,2021-12-22 01:19:55,Негатинский затон,1000,833
1743,2021-12-22 01:27:35,Негатинский затон,1000,492
1736,2021-12-22 01:33:16,Негатинский затон,1000,263
1886,2021-12-22 02:15:41,Негатинский затон,1000,966
929,2021-12-22 02:55:52,Негатинский затон,1000,890
1185,2021-12-22 03:53:09,Негатинский затон,1000,399
1007,2021-12-22 03:57:35,Негатинский затон,1000,554
729,2021-12-22 04:06:28,Негатинский затон,1000,343
1197,2021-12-22 04:11:44,Негатинский затон,1000,882
314,2021-12-22 04:35:34,Негатинский затон,1000,549
1969,2021-12-22 04:39:35,Негатинский затон,1000,716
163,2021-12-22 04:56:35,Негатинский затон,1000,846
1103,2021-12-22 05:05:20,Негатинский затон,1000,551
1583,2021-12-22 05:11:24,Негатинский затон,1000,468
1036,2021-12-22 05:12:36,Негатинский затон,1000,608
1780,2021-12-22 05:24:11,Негатинский затон,1000,515
1429,2021-12-22 06:27:05,Негатинский затон,1000,912
170,2021-12-22 07:36:09,Негатинский затон,1000,697
1464,2021-12-22 07:57:18,Негатинский затон,1000,930
315,2021-12-22 10:50:27,Негатинский затон,1000,663
1404,2021-12-22 11:10:43,Негатинский затон,1000,623
549,2021-12-22 11:30:16,Негатинский затон,1000,710
559,2021-12-22 12:00:06,Негатинский затон,1000,685
779,2021-12-22 12:30:57,Негатинский затон,1000,748
1257,2021-12-22 12:48:19,Негатинский затон,1000,370
990,2021-12-22 13:27:17,Негатинский затон,1000,580
1204,2021-12-22 14:16:27,Негатинский затон,1000,281
607,2021-12-22 14:21:56,Негатинский затон,1000,403
538,2021-12-22 14:55:59,Негатинский затон,1000,884
1273,2021-12-22 15:05:49,Негатинский затон,1000,958
432,2021-12-22 16:12:35,Негатинский затон,1000,575
864,2021-12-22 16:29:19,Негатинский затон,1000,453
1057,2021-12-22 16:34:15,Негатинский затон,1000,694
180,2021-12-22 16:51:39,Негатинский затон,1000,575
447,2021-12-22 17:27:01,Негатинский затон,1000,685
340,2021-12-22 17:32:21,Негатинский затон,1000,878
1403,2021-12-22 18:39:39,Негатинский затон,1000,647
1486,2021-12-22 18:46:30,Негатинский затон,1000,633
655,2021-12-22 20:33:01,Негатинский затон,1000,887
1333,2021-12-22 20:44:00,Негатинский затон,1000,523
377,2021-12-22 22:15:28,Негатинский затон,1000,604
964,2021-12-22 22:16:28,Негатинский затон,1000,733
365,2021-12-22 22:30:37,Негатинский затон,1000,919
1565,2021-12-22 22:44:01,Негатинский затон,1000,875
1796,2021-12-22 22:48:51,Негатинский затон,1000,503
463,2021-12-22 22:59:01,Негатинский затон,1000,407
1593,2021-12-22 23:17:26,Негатинский затон,1000,383
1617,2021-12-22 23:49:00,Негатинский затон,1000,373
852,2021-12-23 00:54:14,Негатинский затон,1000,694
372,2021-12-23 01:15:50,Негатинский затон,1000,397
1853,2021-12-23 01:25:18,Негатинский затон,1000,564
1733,2021-12-23 01:29:34,Негатинский затон,1000,329
1216,2021-12-23 01:36:48,Негатинский затон,1000,402
1160,2021-12-23 01:53:26,Негатинский затон,1000,957
1785,2021-12-23 02:17:35,Негатинский затон,1000,503
1455,2021-12-23 02:48:53,Негатинский затон,1000,383
1710,2021-12-23 02:52:30,Негатинский затон,1000,511
286,2021-12-23 03:03:33,Негатинский затон,1000,720
22,2021-12-23 03:10:21,Негатинский затон,1000,410
424,2021-12-23 03:37:27,Негатинский затон,1000,969
213,2021-12-23 04:20:55,Негатинский затон,1000,377
789,2021-12-23 04:23:37,Негатинский затон,1000,425
1087,2021-12-23 04:55:07,Негатинский затон,1000,496
1918,2021-12-23 05:15:30,Негатинский затон,1000,704
1811,2021-12-23 05:26:12,Негатинский затон,1000,711
69,2021-12-23 05:48:30,Негатинский затон,1000,729
855,2021-12-23 06:28:42,Негатинский затон,1000,895
1792,2021-12-23 06:41:14,Негатинский затон,1000,624
1676,2021-12-23 06:50:06,Негатинский затон,1000,410
550,2021-12-21 14:16:50,Печатники,500,109
144,2021-12-21 14:18:18,Печатники,500,123
1540,2021-12-21 14:26:44,Печатники,500,208
965,2021-12-21 14:43:03,Печатники,500,220
130,2021-12-21 14:53:51,Печатники,500,250
1529,2021-12-21 16:20:14,Печатники,500,486
936,2021-12-21 17:37:57,Печатники,500,493
1379,2021-12-21 17:38:31,Печатники,500,150
380,2021-12-21 18:48:27,Печатники,500,415
1297,2021-12-21 19:26:51,Печатники,500,406
1238,2021-12-21 19:34:06,Печатники,500,188
1089,2021-12-21 20:29:04,Печатники,500,476
56,2021-12-21 21:41:52,Печатники,500,274
1765,2021-12-21 22:37:19,Печатники,500,184
829,2021-12-21 22:57:20,Печатники,500,444
1997,2021-12-21 22:57:36,Печатники,500,285
835,2021-12-21 23:09:54,Печатники,500,252
1766,2021-12-22 00:00:56,Печатники,500,438
988,2021-12-22 01:12:22,Печатники,500,216
697,2021-12-22 01:53:49,Печатники,500,266
1471,2021-12-22 02:11:24,Печатники,500,429
181,2021-12-22 02:27:21,Печатники,500,498
1370,2021-12-22 02:31:30,Печатники,500,165
1401,2021-12-22 02:42:20,Печатники,500,313
1922,2021-12-22 02:54:25,Печатники,500,275
730,2021-12-22 03:11:25,Печатники,500,324
1304,2021-12-22 03:12:12,Печатники,500,388
935,2021-12-22 03:14:43,Печатники,500,181
1301,2021-12-22 03:34:15,Печатники,500,446
1207,2021-12-22 03:50:34,Печатники,500,343
65,2021-12-22 04:35:02,Печатники,500,134
165,2021-12-22 04:41:28,Печатники,500,283
274,2021-12-22 05:19:23,Печатники,500,296
1173,2021-12-22 05:29:15,Печатники,500,344
52,2021-12-22 05:35:53,Печатники,500,224
1912,2021-12-22 06:37:30,Печатники,500,279
227,2021-12-22 07:13:51,Печатники,500,229
595,2021-12-22 08:55:38,Печатники,500,202
317,2021-12-22 09:22:19,Печатники,500,405
15,2021-12-22 09:34:30,Печатники,500,172
1509,2021-12-22 09:48:33,Печатники,500,212
572,2021-12-22 10:19:16,Печатники,500,268
1778,2021-12-22 10:28:56,Печатники,500,293
445,2021-12-22 11:50:08,Печатники,500,298
1388,2021-12-22 12:14:14,Печатники,500,161
834,2021-12-22 12:25:36,Печатники,500,414
1189,2021-12-22 12:44:05,Печатники,500,237
825,2021-12-22 12:49:33,Печатники,500,396
1186,2021-12-22 13:19:09,Печатники,500,173
289,2021-12-22 14:07:50,Печатники,500,385
892,2021-12-22 14:24:04,Печатники,500,108
100,2021-12-22 15:07:38,Печатники,500,362
11,2021-12-22 15:25:34,Печатники,500,267
1848,2021-12-22 15:36:08,Печатники,500,302
1056,2021-12-22 15:45:41,Печатники,500,390
214,2021-12-22 15:59:28,Печатники,500,212
1666,2021-12-22 16:25:44,Печатники,500,317
1126,2021-12-22 16:39:14,Печатники,500,461
1668,2021-12-22 16:47:15,Печатники,500,226
1877,2021-12-22 17:20:33,Печатники,500,213
893,2021-12-22 17:30:14,Печатники,500,361
105,2021-12-22 18:19:44,Печатники,500,190
208,2021-12-22 18:41:34,Печатники,500,469
1419,2021-12-22 19:12:53,Печатники,500,119
1532,2021-12-22 19:51:51,Печатники,500,287
1965,2021-12-22 20:06:28,Печатники,500,335
1063,2021-12-22 20:46:12,Печатники,500,163
222,2021-12-22 21:55:40,Печатники,500,146
1070,2021-12-22 22:28:21,Печатники,500,186
1308,2021-12-22 23:02:04,Печатники,500,303
278,2021-12-23 00:36:52,Печатники,500,118
478,2021-12-23 02:05:03,Печатники,500,355
733,2021-12-23 02:32:56,Печатники,500,218
1454,2021-12-23 02:55:13,Печатники,500,190
1151,2021-12-23 03:13:13,Печатники,500,398
1549,2021-12-23 06:06:19,Печатники,500,373
1719,2021-12-23 06:12:41,Печатники,500,403
1292,2021-12-23 07:04:11,Печатники,500,462
888,2021-12-23 07:04:42,Печатники,500,202
945,2021-12-23 07:33:36,Печатники,500,444
1833,2021-12-23 07:39:26,Печатники,500,382
1807,2021-12-21 14:06:52,Сердце столицы,500,352
920,2021-12-21 14:50:55,Сердце столицы,500,399
1923,2021-12-21 15:41:13,Сердце столицы,500,458
21,2021-12-21 16:41:48,Сердце столицы,500,268
1490,2021-12-21 16:50:35,Сердце столицы,500,130
806,2021-12-21 17:08:48,Сердце столицы,500,212
1767,2021-12-21 17:52:50,Сердце столицы,500,194
1630,2021-12-21 17:59:40,Сердце столицы,500,176
1363,2021-12-21 18:06:28,Сердце столицы,500,474
1245,2021-12-21 18:12:19,Сердце столицы,500,216
379,2021-12-21 18:21:16,Сердце столицы,500,375
1647,2021-12-21 19:36:44,Сердце столицы,500,385
826,2021-12-21 19:42:12,Сердце столицы,500,467
1860,2021-12-21 20:07:40,Сердце столицы,500,410
1377,2021-12-21 20:24:39,Сердце столицы,500,497
1882,2021-12-21 20:42:16,Сердце столицы,500,145
1417,2021-12-21 20:56:33,Сердце столицы,500,275
370,2021-12-21 21:00:53,Сердце столицы,500,447
1032,2021-12-21 22:29:23,Сердце столицы,500,447
119,2021-12-21 22:33:47,Сердце столицы,500,187
1128,2021-12-21 23:05:35,Сердце столицы,500,244
783,2021-12-21 23:16:26,Сердце столицы,500,103
1051,2021-12-22 01:11:25,Сердце столицы,500,132
1330,2021-12-22 02:12:56,Сердце столицы,500,291
174,2021-12-22 04:18:21,Сердце столицы,500,199
1850,2021-12-22 04:18:59,Сердце столицы,500,493
1141,2021-12-22 04:26:41,Сердце столицы,500,140
1195,2021-12-22 05:12:26,Сердце столицы,500,467
1942,2021-12-22 05:33:15,Сердце столицы,500,261
579,2021-12-22 05:49:18,Сердце столицы,500,324
811,2021-12-22 05:54:56,Сердце столицы,500,117
1868,2021-12-22 06:32:21,Сердце столицы,500,450
738,2021-12-22 06:38:21,Сердце столицы,500,409
954,2021-12-22 07:47:36,Сердце столицы,500,326
1851,2021-12-22 07:54:47,Сердце столицы,500,474
311,2021-12-22 07:56:43,Сердце столицы,500,304
1910,2021-12-22 08:40:00,Сердце столицы,500,429
1148,2021-12-22 08:41:01,Сердце столицы,500,149
1438,2021-12-22 08:46:29,Сердце столицы,500,210
1002,2021-12-22 09:09:05,Сердце столицы,500,320
1826,2021-12-22 10:05:31,Сердце столицы,500,110
1703,2021-12-22 10:07:14,Сердце столицы,500,437
1772,2021-12-22 10:08:17,Сердце столицы,500,394
101,2021-12-22 10:18:33,Сердце столицы,500,252
1698,2021-12-22 10:51:56,Сердце столицы,500,261
1205,2021-12-22 10:53:25,Сердце столицы,500,305
577,2021-12-22 11:16:26,Сердце столицы,500,280
1928,2021-12-22 11:47:00,Сердце столицы,500,429
512,2021-12-22 12:35:24,Сердце столицы,500,439
1243,2021-12-22 13:46:58,Сердце столицы,500,320
1592,2021-12-22 14:12:47,Сердце столицы,500,279
1637,2021-12-22 14:37:21,Сердце столицы,500,448
883,2021-12-22 15:16:48,Сердце столицы,500,260
1271,2021-12-22 15:33:00,Сердце столицы,500,315
1001,2021-12-22 15:36:33,Сердце столицы,500,201
27,2021-12-22 15:48:57,Сердце столицы,500,154
498,2021-12-22 16:31:19,Сердце столицы,500,268
353,2021-12-22 16:33:54,Сердце столицы,500,228
1255,2021-12-22 16:53:33,Сердце столицы,500,330
1462,2021-12-22 18:11:54,Сердце столицы,500,160
476,2021-12-22 19:26:10,Сердце столицы,500,470
1757,2021-12-22 20:42:19,Сердце столицы,500,267
1069,2021-12-22 21:44:46,Сердце столицы,500,230
585,2021-12-22 22:27:58,Сердце столицы,500,208
248,2021-12-22 22:36:19,Сердце столицы,500,423
179,2021-12-22 22:55:44,Сердце столицы,500,328
707,2021-12-23 00:28:15,Сердце столицы,500,370
1389,2021-12-23 00:53:32,Сердце столицы,500,377
171,2021-12-23 01:01:51,Сердце столицы,500,284
1054,2021-12-23 01:34:58,Сердце столицы,500,398
1043,2021-12-23 01:58:32,Сердце столицы,500,499
1421,2021-12-23 02:48:39,Сердце столицы,500,438
1750,2021-12-23 02:58:26,Сердце столицы,500,305
1557,2021-12-23 03:16:42,Сердце столицы,500,343
749,2021-12-23 03:27:58,Сердце столицы,500,294
1978,2021-12-23 03:57:09,Сердце столицы,500,207
290,2021-12-23 03:59:20,Сердце столицы,500,287
1611,2021-12-23 04:06:56,Сердце столицы,500,258
124,2021-12-23 04:15:38,Сердце столицы,500,104
1812,2021-12-23 05:31:16,Сердце столицы,500,458
645,2021-12-23 06:10:51,Сердце столицы,500,408
895,2021-12-23 06:21:59,Сердце столицы,500,398
1555,2021-12-23 07:00:20,Сердце столицы,500,201
1196,2021-12-23 07:49:59,Сердце столицы,500,244
38,2021-12-21 14:01:40,Сидней-Сити,1600,623
221,2021-12-21 14:16:04,Сидней-Сити,1600,955
313,2021-12-21 14:48:48,Сидней-Сити,1600,1349
1670,2021-12-21 15:16:09,Сидней-Сити,1600,1388
1570,2021-12-21 15:18:21,Сидней-Сити,1600,1447
420,2021-12-21 15:27:18,Сидней-Сити,1600,477
1734,2021-12-21 15:41:48,Сидней-Сити,1600,375
257,2021-12-21 16:17:50,Сидней-Сити,1600,676
1503,2021-12-21 17:31:10,Сидней-Сити,1600,343
1777,2021-12-21 18:18:51,Сидней-Сити,1600,1029
668,2021-12-21 20:38:00,Сидней-Сити,1600,1270
1720,2021-12-21 20:44:07,Сидней-Сити,1600,1524
1413,2021-12-21 21:06:16,Сидней-Сити,1600,953
592,2021-12-21 21:20:02,Сидней-Сити,1600,473
467,2021-12-21 21:55:33,Сидней-Сити,1600,1488
1331,2021-12-21 22:07:41,Сидней-Сити,1600,686
389,2021-12-21 22:47:26,Сидней-Сити,1600,514
1911,2021-12-21 22:56:49,Сидней-Сити,1600,1429
810,2021-12-21 23:04:08,Сидней-Сити,1600,604
1749,2021-12-21 23:27:29,Сидней-Сити,1600,1334
986,2021-12-21 23:31:07,Сидней-Сити,1600,860
768,2021-12-21 23:34:00,Сидней-Сити,1600,1047
1136,2021-12-22 00:15:03,Сидней-Сити,1600,1165
328,2021-12-22 00:21:23,Сидней-Сити,1600,1141
1881,2021-12-22 01:00:31,Сидней-Сити,1600,924
876,2021-12-22 01:27:00,Сидней-Сити,1600,751
1239,2021-12-22 01:29:53,Сидней-Сити,1600,395
490,2021-12-22 02:32:59,Сидней-Сити,1600,695
293,2021-12-22 02:44:31,Сидней-Сити,1600,868
454,2021-12-22 02:48:32,Сидней-Сити,1600,1483
252,2021-12-22 04:01:06,Сидней-Сити,1600,1028
1975,2021-12-22 04:19:11,Сидней-Сити,1600,1477
568,2021-12-22 04:24:38,Сидней-Сити,1600,1390
1603,2021-12-22 04:46:05,Сидней-Сити,1600,751
1584,2021-12-22 05:42:42,Сидней-Сити,1600,1081
944,2021-12-22 06:22:18,Сидней-Сити,1600,1455
207,2021-12-22 08:29:34,Сидней-Сити,1600,846
1730,2021-12-22 09:26:08,Сидней-Сити,1600,1538
669,2021-12-22 09:26:36,Сидней-Сити,1600,908
630,2021-12-22 09:40:33,Сидней-Сити,1600,802
703,2021-12-22 10:26:03,Сидней-Сити,1600,1591
1169,2021-12-22 12:16:07,Сидней-Сити,1600,569
1164,2021-12-22 12:27:03,Сидней-Сити,1600,1306
331,2021-12-22 12:50:25,Сидней-Сити,1600,1291
1171,2021-12-22 12:55:11,Сидней-Сити,1600,472
1933,2021-12-22 13:50:25,Сидней-Сити,1600,369
536,2021-12-22 14:09:57,Сидней-Сити,1600,1310
628,2021-12-22 14:17:29,Сидней-Сити,1600,575
1373,2021-12-22 14:26:51,Сидней-Сити,1600,1041
727,2021-12-22 15:52:07,Сидней-Сити,1600,1226
195,2021-12-22 15:55:41,Сидней-Сити,1600,1058
332,2021-12-22 16:17:59,Сидней-Сити,1600,696
137,2021-12-22 17:11:24,Сидней-Сити,1600,1236
1425,2021-12-22 17:50:45,Сидней-Сити,1600,1412
1225,2021-12-22 18:10:50,Сидней-Сити,1600,1359
366,2021-12-22 18:35:24,Сидней-Сити,1600,449
1351,2021-12-22 18:51:51,Сидней-Сити,1600,580
666,2021-12-22 19:51:13,Сидней-Сити,1600,644
1909,2021-12-22 20:07:28,Сидней-Сити,1600,1353
246,2021-12-22 20:29:30,Сидней-Сити,1600,1133
1420,2021-12-22 21:39:43,Сидней-Сити,1600,1095
143,2021-12-22 22:24:07,Сидней-Сити,1600,950
1560,2021-12-22 22:30:59,Сидней-Сити,1600,1208
13,2021-12-22 22:48:33,Сидней-Сити,1600,1223
1744,2021-12-22 23:08:47,Сидней-Сити,1600,1194
1220,2021-12-22 23:27:57,Сидней-Сити,1600,416
1539,2021-12-22 23:37:56,Сидней-Сити,1600,1139
362,2021-12-22 23:53:19,Сидней-Сити,1600,1092
889,2021-12-23 00:04:52,Сидней-Сити,1600,1138
1285,2021-12-23 00:22:15,Сидней-Сити,1600,868
658,2021-12-23 00:34:45,Сидней-Сити,1600,817
381,2021-12-23 00:35:54,Сидней-Сити,1600,917
482,2021-12-23 01:00:30,Сидней-Сити,1600,953
1983,2021-12-23 01:07:12,Сидней-Сити,1600,1033
1988,2021-12-23 02:00:26,Сидней-Сити,1600,953
1407,2021-12-23 02:21:33,Сидней-Сити,1600,1367
1488,2021-12-23 02:36:49,Сидней-Сити,1600,675
363,2021-12-23 03:06:09,Сидней-Сити,1600,1188
1369,2021-12-23 03:14:44,Сидней-Сити,1600,789
580,2021-12-23 03:31:31,Сидней-Сити,1600,432
1405,2021-12-23 03:39:23,Сидней-Сити,1600,1330
1231,2021-12-23 03:42:34,Сидней-Сити,1600,1058
959,2021-12-23 03:48:54,Сидней-Сити,1600,577
590,2021-12-23 04:14:34,Сидней-Сити,1600,322
1048,2021-12-23 04:38:23,Сидней-Сити,1600,683
247,2021-12-23 04:43:10,Сидней-Сити,1600,1021
677,2021-12-23 07:06:49,Сидней-Сити,1600,537
1034,2021-12-23 07:18:00,Сидней-Сити,1600,777
1572,2021-12-21 14:40:06,ТЭЦ,1200,998
242,2021-12-21 16:23:33,ТЭЦ,1200,259
866,2021-12-21 16:47:13,ТЭЦ,1200,424
67,2021-12-21 17:10:04,ТЭЦ,1200,638
869,2021-12-21 17:29:57,ТЭЦ,1200,507
1253,2021-12-21 17:31:10,ТЭЦ,1200,969
1505,2021-12-21 18:35:01,ТЭЦ,1200,724
610,2021-12-21 18:50:36,ТЭЦ,1200,1150
84,2021-12-21 18:51:25,ТЭЦ,1200,952
442,2021-12-21 19:40:40,ТЭЦ,1200,351
104,2021-12-21 20:22:24,ТЭЦ,1200,1109
194,2021-12-21 21:09:09,ТЭЦ,1200,836
423,2021-12-21 21:16:50,ТЭЦ,1200,739
999,2021-12-21 21:20:01,ТЭЦ,1200,898
146,2021-12-21 21:59:21,ТЭЦ,1200,518
1527,2021-12-21 22:56:36,ТЭЦ,1200,627
1356,2021-12-21 23:29:46,ТЭЦ,1200,345
102,2021-12-21 23:30:02,ТЭЦ,1200,921
906,2021-12-21 23:32:39,ТЭЦ,1200,645
1829,2021-12-22 00:05:19,ТЭЦ,1200,859
1287,2021-12-22 00:16:00,ТЭЦ,1200,434
1585,2021-12-22 00:36:27,ТЭЦ,1200,946
725,2021-12-22 00:46:59,ТЭЦ,1200,586
719,2021-12-22 01:48:36,ТЭЦ,1200,1082
19,2021-12-22 02:00:29,ТЭЦ,1200,452
71,2021-12-22 02:52:11,ТЭЦ,1200,1183
1465,2021-12-22 03:08:40,ТЭЦ,1200,320
18,2021-12-22 03:24:30,ТЭЦ,1200,938
206,2021-12-22 03:48:01,ТЭЦ,1200,670
1076,2021-12-22 04:55:35,ТЭЦ,1200,695
1247,2021-12-22 05:18:42,ТЭЦ,1200,264
1309,2021-12-22 05:33:36,ТЭЦ,1200,484
1334,2021-12-22 06:34:38,ТЭЦ,1200,478
676,2021-12-22 06:35:59,ТЭЦ,1200,366
275,2021-12-22 07:10:33,ТЭЦ,1200,800
459,2021-12-22 07:32:59,ТЭЦ,1200,662
85,2021-12-22 08:10:14,ТЭЦ,1200,688
390,2021-12-22 08:44:16,ТЭЦ,1200,899
1261,2021-12-22 08:47:06,ТЭЦ,1200,1051
90,2021-12-22 08:53:01,ТЭЦ,1200,1134
54,2021-12-22 09:06:57,ТЭЦ,1200,720
1642,2021-12-22 09:31:58,ТЭЦ,1200,881
1221,2021-12-22 09:51:56,ТЭЦ,1200,1113
1815,2021-12-22 09:52:53,ТЭЦ,1200,458
1008,2021-12-22 10:10:24,ТЭЦ,1200,572
680,2021-12-22 11:40:58,ТЭЦ,1200,1126
982,2021-12-22 12:13:03,ТЭЦ,1200,1036
1903,2021-12-22 12:25:11,ТЭЦ,1200,1045
548,2021-12-22 12:52:53,ТЭЦ,1200,246
1817,2021-12-22 13:11:06,ТЭЦ,1200,672
1178,2021-12-22 13:38:32,ТЭЦ,1200,505
1338,2021-12-22 13:40:35,ТЭЦ,1200,310
387,2021-12-22 14:06:43,ТЭЦ,1200,489
1582,2021-12-22 14:12:08,ТЭЦ,1200,1147
386,2021-12-22 14:24:35,ТЭЦ,1200,943
891,2021-12-22 14:45:36,ТЭЦ,1200,379
720,2021-12-22 14:50:24,ТЭЦ,1200,361
975,2021-12-22 15:05:34,ТЭЦ,1200,949
1773,2021-12-22 15:35:01,ТЭЦ,1200,901
1808,2021-12-22 16:19:22,ТЭЦ,1200,1029
1360,2021-12-22 16:35:25,ТЭЦ,1200,302
1835,2021-12-22 16:39:17,ТЭЦ,1200,335
1040,2021-12-22 17:04:45,ТЭЦ,1200,376
327,2021-12-22 17:20:45,ТЭЦ,1200,981
1610,2021-12-22 17:39:24,ТЭЦ,1200,636
540,2021-12-22 18:03:22,ТЭЦ,1200,1076
378,2021-12-22 18:18:12,ТЭЦ,1200,455
1948,2021-12-22 18:20:20,ТЭЦ,1200,633
312,2021-12-22 19:33:23,ТЭЦ,1200,928
1277,2021-12-22 20:07:29,ТЭЦ,1200,751
1262,2021-12-22 21:03:22,ТЭЦ,1200,1003
1005,2021-12-22 21:18:36,ТЭЦ,1200,644
14,2021-12-22 21:51:56,ТЭЦ,1200,546
698,2021-12-22 22:37:55,ТЭЦ,1200,1141
1563,2021-12-22 23:06:57,ТЭЦ,1200,672
1,2021-12-23 00:20:02,ТЭЦ,1200,926
178,2021-12-23 00:33:35,ТЭЦ,1200,1106
1574,2021-12-23 01:03:09,ТЭЦ,1200,717
316,2021-12-23 02:03:57,ТЭЦ,1200,589
918,2021-12-23 02:12:31,ТЭЦ,1200,962
1648,2021-12-23 02:34:06,ТЭЦ,1200,818
391,2021-12-23 02:48:20,ТЭЦ,1200,441
440,2021-12-23 04:41:42,ТЭЦ,1200,346
958,2021-12-23 05:05:15,ТЭЦ,1200,556
1926,2021-12-23 05:31:32,ТЭЦ,1200,806
1318,2021-12-23 06:34:43,ТЭЦ,1200,734
255,2021-12-23 06:36:43,ТЭЦ,1200,259
64,2021-12-23 07:42:22,ТЭЦ,1200,582
752,2021-12-21 13:52:32,Фили,1300,1116
1566,2021-12-21 13:59:23,Фили,1300,285
1783,2021-12-21 14:07:07,Фили,1300,582
1045,2021-12-21 15:50:42,Фили,1300,658
300,2021-12-21 15:52:37,Фили,1300,376
199,2021-12-21 15:59:59,Фили,1300,963
1229,2021-12-21 16:47:45,Фили,1300,1009
1242,2021-12-21 16:54:58,Фили,1300,910
92,2021-12-21 17:40:30,Фили,1300,272
605,2021-12-21 17:46:26,Фили,1300,684
902,2021-12-21 18:19:52,Фили,1300,874
1412,2021-12-21 19:48:40,Фили,1300,390
973,2021-12-21 19:53:42,Фили,1300,1171
1599,2021-12-21 19:55:39,Фили,1300,589
1009,2021-12-21 20:47:40,Фили,1300,789
1226,2021-12-21 21:37:47,Фили,1300,765
1717,2021-12-21 21:40:58,Фили,1300,674
1684,2021-12-21 21:58:16,Фили,1300,472
1704,2021-12-21 22:10:18,Фили,1300,321
641,2021-12-21 22:56:06,Фили,1300,317
1353,2021-12-22 00:11:07,Фили,1300,377
446,2021-12-22 01:08:02,Фили,1300,682
489,2021-12-22 01:18:14,Фили,1300,373
815,2021-12-22 02:19:01,Фили,1300,1254
916,2021-12-22 02:29:27,Фили,1300,689
308,2021-12-22 02:33:11,Фили,1300,335
1111,2021-12-22 02:48:50,Фили,1300,891
439,2021-12-22 03:18:00,Фили,1300,967
1266,2021-12-22 03:40:58,Фили,1300,468
1176,2021-12-22 03:58:35,Фили,1300,1160
1108,2021-12-22 05:17:00,Фили,1300,968
1587,2021-12-22 06:15:16,Фили,1300,323
1863,2021-12-22 06:19:36,Фили,1300,544
1444,2021-12-22 06:21:29,Фили,1300,357
850,2021-12-22 06:42:00,Фили,1300,362
128,2021-12-22 08:19:05,Фили,1300,404
1506,2021-12-22 08:36:39,Фили,1300,879
1893,2021-12-22 08:46:16,Фили,1300,906
277,2021-12-22 09:31:30,Фили,1300,726
804,2021-12-22 09:41:17,Фили,1300,353
1938,2021-12-22 09:56:37,Фили,1300,403
322,2021-12-22 10:06:29,Фили,1300,946
338,2021-12-22 10:22:52,Фили,1300,718
1086,2021-12-22 10:27:30,Фили,1300,1143
1699,2021-12-22 11:17:36,Фили,1300,1104
566,2021-12-22 11:26:00,Фили,1300,1190
851,2021-12-22 12:48:53,Фили,1300,888
34,2021-12-22 13:17:48,Фили,1300,341
1497,2021-12-22 13:18:11,Фили,1300,927
1615,2021-12-22 13:39:20,Фили,1300,1118
507,2021-12-22 14:04:39,Фили,1300,998
75,2021-12-22 14:07:58,Фили,1300,1109
187,2021-12-22 17:22:42,Фили,1300,776
1214,2021-12-22 17:54:05,Фили,1300,646
991,2021-12-22 18:27:48,Фили,1300,760
821,2021-12-22 18:31:51,Фили,1300,1111
1466,2021-12-22 18:31:59,Фили,1300,863
533,2021-12-22 19:16:17,Фили,1300,576
1212,2021-12-22 19:29:06,Фили,1300,1028
1843,2021-12-22 19:48:32,Фили,1300,576
1125,2021-12-22 19:58:21,Фили,1300,1103
30,2021-12-22 20:22:23,Фили,1300,1183
1366,2021-12-22 20:44:39,Фили,1300,754
760,2021-12-22 20:57:43,Фили,1300,860
755,2021-12-22 21:36:23,Фили,1300,378
766,2021-12-22 22:31:34,Фили,1300,1085
871,2021-12-22 22:46:07,Фили,1300,677
10,2021-12-22 22:55:05,Фили,1300,1191
890,2021-12-22 23:23:20,Фили,1300,1152
882,2021-12-23 00:55:11,Фили,1300,342
582,2021-12-23 01:32:42,Фили,1300,1111
1748,2021-12-23 02:39:04,Фили,1300,1190
497,2021-12-23 02:46:38,Фили,1300,782
612,2021-12-23 02:51:55,Фили,1300,559
953,2021-12-23 04:09:40,Фили,1300,706
875,2021-12-23 04:19:01,Фили,1300,434
1435,2021-12-23 04:44:22,Фили,1300,394
32,2021-12-23 04:52:37,Фили,1300,1146
836,2021-12-23 05:04:05,Фили,1300,399
1339,2021-12-23 05:58:41,Фили,1300,795
269,2021-12-23 06:00:10,Фили,1300,1023
1601,2021-12-23 06:06:33,Фили,1300,525
264,2021-12-23 06:36:26,Фили,1300,736
44,2021-12-23 06:52:07,Фили,1300,959
263,2021-12-23 07:02:45,Фили,1300,388
1073,2021-12-21 13:40:20,Хруничева,900,506
795,2021-12-21 13:47:55,Хруничева,900,407
700,2021-12-21 13:53:50,Хруничева,900,370
1365,2021-12-21 14:23:45,Хруничева,900,870
742,2021-12-21 14:52:52,Хруничева,900,212
1746,2021-12-21 15:12:41,Хруничева,900,193
1433,2021-12-21 17:13:53,Хруничева,900,203
1613,2021-12-21 17:34:50,Хруничева,900,555
1264,2021-12-21 17:42:31,Хруничева,900,321
1067,2021-12-21 21:02:38,Хруничева,900,695
1112,2021-12-21 21:27:38,Хруничева,900,212
979,2021-12-21 21:37:49,Хруничева,900,508
1325,2021-12-21 22:00:11,Хруничева,900,472
1294,2021-12-21 22:08:51,Хруничева,900,583
1516,2021-12-21 22:09:53,Хруничева,900,641
1690,2021-12-21 22:45:10,Хруничева,900,878
438,2021-12-21 23:17:43,Хруничева,900,876
665,2021-12-21 23:22:46,Хруничева,900,328
326,2021-12-21 23:44:06,Хруничева,900,539
271,2021-12-22 00:10:09,Хруничева,900,359
1376,2021-12-22 00:11:36,Хруничева,900,674
1246,2021-12-22 01:41:37,Хруничева,900,186
109,2021-12-22 01:51:37,Хруничева,900,458
404,2021-12-22 02:26:19,Хруничева,900,770
1071,2021-12-22 02:42:50,Хруничева,900,531
1209,2021-12-22 03:11:40,Хруничева,900,190
1102,2021-12-22 03:26:08,Хруничева,900,286
955,2021-12-22 03:39:38,Хруничева,900,324
532,2021-12-22 03:40:01,Хруничева,900,298
282,2021-12-22 04:25:20,Хруничева,900,354
251,2021-12-22 04:46:54,Хруничева,900,189
1392,2021-12-22 05:28:31,Хруничева,900,626
145,2021-12-22 06:25:39,Хруничева,900,288
1268,2021-12-22 06:40:20,Хруничева,900,438
551,2021-12-22 06:55:24,Хруничева,900,827
1105,2021-12-22 07:03:03,Хруничева,900,637
106,2021-12-22 07:11:23,Хруничева,900,525
1930,2021-12-22 07:15:31,Хруничева,900,584
1456,2021-12-22 07:26:52,Хруничева,900,244
1624,2021-12-22 07:30:13,Хруничева,900,641
1629,2021-12-22 07:49:35,Хруничева,900,222
1795,2021-12-22 08:18:43,Хруничева,900,211
679,2021-12-22 08:27:14,Хруничева,900,207
241,2021-12-22 08:47:51,Хруничева,900,389
1902,2021-12-22 09:48:47,Хруничева,900,251
792,2021-12-22 09:59:34,Хруничева,900,370
1775,2021-12-22 10:20:58,Хруничева,900,826
193,2021-12-22 10:57:34,Хруничева,900,836
682,2021-12-22 11:24:04,Хруничева,900,620
1159,2021-12-22 12:13:31,Хруничева,900,600
243,2021-12-22 12:34:12,Хруничева,900,524
70,2021-12-22 12:57:07,Хруничева,900,397
790,2021-12-22 14:19:02,Хруничева,900,289
1254,2021-12-22 15:32:04,Хруничева,900,449
1145,2021-12-22 15:40:37,Хруничева,900,237
1293,2021-12-22 15:41:34,Хруничева,900,469
896,2021-12-22 15:51:57,Хруничева,900,369
369,2021-12-22 17:21:31,Хруничева,900,687
1150,2021-12-22 17:43:47,Хруничева,900,199
98,2021-12-22 17:47:03,Хруничева,900,554
758,2021-12-22 19:10:13,Хруничева,900,214
938,2021-12-22 19:37:07,Хруничева,900,703
1450,2021-12-22 19:44:01,Хруничева,900,490
691,2021-12-22 19:47:27,Хруничева,900,238
1058,2021-12-22 19:48:04,Хруничева,900,450
96,2021-12-22 20:01:11,Хруничева,900,725
1411,2021-12-22 20:43:33,Хруничева,900,690
686,2021-12-22 21:16:44,Хруничева,900,745
1378,2021-12-22 21:46:56,Хруничева,900,829
150,2021-12-22 22:14:22,Хруничева,900,195
1350,2021-12-22 23:51:20,Хруничева,900,467
1357,2021-12-22 23:59:26,Хруничева,900,297
481,2021-12-23 00:10:35,Хруничева,900,753
1023,2021-12-23 00:49:43,Хруничева,900,747
857,2021-12-23 01:34:13,Хруничева,900,421
1228,2021-12-23 02:09:30,Хруничева,900,485
449,2021-12-23 03:21:21,Хруничева,900,674
1167,2021-12-23 03:40:56,Хруничева,900,622
589,2021-12-23 04:15:06,Хруничева,900,844
1274,2021-12-23 04:42:01,Хруничева,900,322
139,2021-12-23 06:08:44,Хруничева,900,277
919,2021-12-23 07:07:27,Хруничева,900,647
554,2021-12-21 13:41:30,Южный грузовой порт,500,184
963,2021-12-21 14:30:19,Южный грузовой порт,500,316
769,2021-12-21 14:41:47,Южный грузовой порт,500,171
1364,2021-12-21 15:44:11,Южный грузовой порт,500,370
198,2021-12-21 15:50:48,Южный грузовой порт,500,489
840,2021-12-21 15:52:13,Южный грузовой порт,500,126
1552,2021-12-21 16:03:21,Южный грузовой порт,500,225
1550,2021-12-21 17:36:05,Южный грузовой порт,500,226
157,2021-12-21 17:45:46,Южный грузовой порт,500,179
79,2021-12-21 18:39:41,Южный грузовой порт,500,294
974,2021-12-21 18:45:26,Южный грузовой порт,500,270
1740,2021-12-21 19:36:51,Южный грузовой порт,500,260
197,2021-12-21 19:38:52,Южный грузовой порт,500,433
341,2021-12-21 20:03:23,Южный грузовой порт,500,228
867,2021-12-21 20:34:49,Южный грузовой порт,500,333
1237,2021-12-21 20:35:00,Южный грузовой порт,500,340
1715,2021-12-21 20:58:49,Южный грузовой порт,500,443
1402,2021-12-21 21:06:12,Южный грузовой порт,500,333
854,2021-12-21 21:09:19,Южный грузовой порт,500,305
1436,2021-12-21 21:16:59,Южный грузовой порт,500,131
1644,2021-12-21 21:32:47,Южный грузовой порт,500,102
93,2021-12-21 21:43:44,Южный грузовой порт,500,183
880,2021-12-21 22:16:31,Южный грузовой порт,500,478
117,2021-12-21 22:27:45,Южный грузовой порт,500,325
739,2021-12-21 22:45:10,Южный грузовой порт,500,140
510,2021-12-21 23:36:04,Южный грузовой порт,500,373
1478,2021-12-22 00:25:15,Южный грузовой порт,500,476
1636,2021-12-22 01:44:29,Южный грузовой порт,500,195
1952,2021-12-22 02:38:57,Южный грузовой порт,500,457
1193,2021-12-22 03:11:26,Южный грузовой порт,500,128
1408,2021-12-22 03:12:04,Южный грузовой порт,500,262
515,2021-12-22 03:15:36,Южный грузовой порт,500,263
529,2021-12-22 03:35:08,Южный грузовой порт,500,242
1906,2021-12-22 03:50:00,Южный грузовой порт,500,488
1399,2021-12-22 04:14:09,Южный грузовой порт,500,280
1559,2021-12-22 04:43:37,Южный грузовой порт,500,210
1739,2021-12-22 04:52:11,Южный грузовой порт,500,336
1117,2021-12-22 05:16:14,Южный грузовой порт,500,158
1654,2021-12-22 05:33:34,Южный грузовой порт,500,148
775,2021-12-22 06:26:53,Южный грузовой порт,500,140
1814,2021-12-22 06:34:47,Южный грузовой порт,500,271
1813,2021-12-22 09:13:37,Южный грузовой порт,500,160
1100,2021-12-22 10:43:22,Южный грузовой порт,500,197
634,2021-12-22 11:00:47,Южный грузовой порт,500,100
1545,2021-12-22 12:29:26,Южный грузовой порт,500,325
518,2021-12-22 12:51:31,Южный грузовой порт,500,150
1275,2021-12-22 13:24:59,Южный грузовой порт,500,320
1883,2021-12-22 16:16:39,Южный грузовой порт,500,294
183,2021-12-22 17:31:12,Южный грузовой порт,500,148
1602,2021-12-22 17:43:04,Южный грузовой порт,500,207
156,2021-12-22 17:55:22,Южный грузовой порт,500,324
276,2021-12-22 18:25:38,Южный грузовой порт,500,323
1779,2021-12-22 18:33:21,Южный грузовой порт,500,418
1546,2021-12-22 21:02:51,Южный грузовой порт,500,420
1569,2021-12-22 21:18:29,Южный грузовой порт,500,431
619,2021-12-22 21:33:30,Южный грузовой порт,500,447
1995,2021-12-22 21:40:12,Южный грузовой порт,500,184
1348,2021-12-22 21:42:09,Южный грузовой порт,500,496
1390,2021-12-22 21:52:06,Южный грузовой порт,500,391
816,2021-12-22 22:11:11,Южный грузовой порт,500,189
1674,2021-12-22 22:25:22,Южный грузовой порт,500,397
1875,2021-12-22 23:52:22,Южный грузовой порт,500,286
830,2021-12-22 23:59:34,Южный грузовой порт,500,488
131,2021-12-23 00:26:24,Южный грузовой порт,500,152
1065,2021-12-23 00:43:33,Южный грузовой порт,500,156
1571,2021-12-23 01:01:37,Южный грузовой порт,500,135
894,2021-12-23 02:52:57,Южный грузовой порт,500,462
757,2021-12-23 03:02:14,Южный грузовой порт,500,387
1140,2021-12-23 03:12:13,Южный грузовой порт,500,213
1241,2021-12-23 04:16:04,Южный грузовой порт,500,414
1161,2021-12-23 04:54:58,Южный грузовой порт,500,292
837,2021-12-23 05:07:19,Южный грузовой порт,500,470
358,2021-12-23 05:18:34,Южный грузовой порт,500,202
1968,2021-12-23 05:30:08,Южный грузовой порт,500,136
859,2021-12-23 05:49:03,Южный грузовой порт,500,122
349,2021-12-23 06:45:17,Южный грузовой порт,500,386
904,2021-12-23 06:48:51,Южный грузовой порт,500,194
1705,2021-12-23 06:52:53,Южный грузовой порт,500,102
401,2021-12-23 07:37:19,Южный грузовой порт,500,245
689,2021-12-21 13:45:31,Южный речной вокзал,1000,986
1081,2021-12-21 14:33:09,Южный речной вокзал,1000,768
1876,2021-12-21 15:00:47,Южный речной вокзал,1000,698
1857,2021-12-21 15:38:42,Южный речной вокзал,1000,451
1094,2021-12-21 15:44:32,Южный речной вокзал,1000,884
253,2021-12-21 15:48:14,Южный речной вокзал,1000,451
1551,2021-12-21 17:55:55,Южный речной вокзал,1000,330
1758,2021-12-21 18:36:25,Южный речной вокзал,1000,283
879,2021-12-21 18:43:05,Южный речной вокзал,1000,519
1064,2021-12-21 19:04:08,Южный речной вокзал,1000,268
1387,2021-12-21 19:14:27,Южный речной вокзал,1000,385
807,2021-12-21 19:15:37,Южный речной вокзал,1000,280
1940,2021-12-21 19:47:32,Южный речной вокзал,1000,528
606,2021-12-21 19:57:51,Южный речной вокзал,1000,822
212,2021-12-21 20:05:13,Южный речной вокзал,1000,763
818,2021-12-21 21:26:41,Южный речной вокзал,1000,625
960,2021-12-21 22:46:45,Южный речной вокзал,1000,522
279,2021-12-21 22:59:21,Южный речной вокзал,1000,291
422,2021-12-21 23:10:43,Южный речной вокзал,1000,990
1476,2021-12-21 23:35:19,Южный речной вокзал,1000,696
475,2021-12-22 00:09:03,Южный речной вокзал,1000,650
921,2021-12-22 00:41:41,Южный речной вокзал,1000,889
1061,2021-12-22 00:55:52,Южный речной вокзал,1000,233
1589,2021-12-22 02:21:15,Южный речной вокзал,1000,843
516,2021-12-22 02:38:07,Южный речной вокзал,1000,859
411,2021-12-22 03:08:52,Южный речной вокзал,1000,395
1248,2021-12-22 03:18:12,Южный речной вокзал,1000,676
939,2021-12-22 04:47:13,Южный речной вокзал,1000,294
192,2021-12-22 04:52:19,Южный речной вокзал,1000,358
824,2021-12-22 05:02:15,Южный речной вокзал,1000,252
845,2021-12-22 05:07:03,Южный речной вокзал,1000,560
611,2021-12-22 05:30:48,Южный речной вокзал,1000,666
957,2021-12-22 05:39:06,Южный речной вокзал,1000,786
522,2021-12-22 06:31:57,Южный речной вокзал,1000,847
575,2021-12-22 08:32:19,Южный речной вокзал,1000,200
364,2021-12-22 08:39:29,Южный речной вокзал,1000,684
1667,2021-12-22 09:17:14,Южный речной вокзал,1000,708
1194,2021-12-22 09:17:43,Южный речной вокзал,1000,554
1410,2021-12-22 09:34:10,Южный речной вокзал,1000,701
1828,2021-12-22 09:42:11,Южный речной вокзал,1000,440
74,2021-12-22 09:48:23,Южный речной вокзал,1000,787
1929,2021-12-22 10:01:09,Южный речной вокзал,1000,420
1044,2021-12-22 11:17:18,Южный речной вокзал,1000,320
543,2021-12-22 11:42:02,Южный речной вокзал,1000,744
1337,2021-12-22 11:59:27,Южный речной вокзал,1000,267
301,2021-12-22 12:18:53,Южный речной вокзал,1000,356
558,2021-12-22 12:58:13,Южный речной вокзал,1000,419
1898,2021-12-22 13:03:23,Южный речной вокзал,1000,406
1821,2021-12-22 13:24:26,Южный речной вокзал,1000,597
479,2021-12-22 13:42:40,Южный речной вокзал,1000,429
654,2021-12-22 15:12:39,Южный речной вокзал,1000,787
437,2021-12-22 15:18:54,Южный речной вокзал,1000,413
1368,2021-12-22 15:52:20,Южный речной вокзал,1000,330
576,2021-12-22 16:06:25,Южный речной вокзал,1000,879
1311,2021-12-22 16:49:57,Южный речной вокзал,1000,530
1494,2021-12-22 16:56:14,Южный речной вокзал,1000,599
1431,2021-12-22 17:31:47,Южный речной вокзал,1000,379
1711,2021-12-22 18:28:10,Южный речной вокзал,1000,731
542,2021-12-22 19:20:59,Южный речной вокзал,1000,832
661,2021-12-22 20:13:53,Южный речной вокзал,1000,315
291,2021-12-22 20:38:03,Южный речной вокзал,1000,763
1250,2021-12-22 20:38:38,Южный речной вокзал,1000,707
865,2021-12-22 20:54:09,Южный речной вокзал,1000,875
303,2021-12-22 20:55:45,Южный речной вокзал,1000,713
406,2021-12-22 21:38:26,Южный речной вокзал,1000,535
1224,2021-12-22 21:40:08,Южный речной вокзал,1000,616
994,2021-12-22 21:43:18,Южный речной вокзал,1000,639
1956,2021-12-22 21:45:47,Южный речной вокзал,1000,632
347,2021-12-22 23:11:54,Южный речной вокзал,1000,422
408,2021-12-22 23:21:39,Южный речной вокзал,1000,729
451,2021-12-22 23:41:07,Южный речной вокзал,1000,882
687,2021-12-22 23:48:46,Южный речной вокзал,1000,920
1575,2021-12-23 00:15:52,Южный речной вокзал,1000,521
1025,2021-12-23 01:27:18,Южный речной вокзал,1000,842
1484,2021-12-23 01:38:58,Южный речной вокзал,1000,242
434,2021-12-23 01:58:56,Южный речной вокзал,1000,341
578,2021-12-23 02:00:48,Южный речной вокзал,1000,440
108,2021-12-23 02:12:27,Южный речной вокзал,1000,862
1799,2021-12-23 03:09:20,Южный речной вокзал,1000,532
657,2021-12-23 03:09:53,Южный речной вокзал,1000,440
1473,2021-12-23 03:35:14,Южный речной вокзал,1000,290
1035,2021-12-23 04:44:43,Южный речной вокзал,1000,823
1467,2021-12-23 04:49:12,Южный речной вокзал,1000,952
1852,2021-12-23 06:03:22,Южный речной вокзал,1000,331
31,2021-12-23 06:06:28,Южный речной вокзал,1000,222
1752,2021-12-23 06:07:30,Южный речной вокзал,1000,620
649,2021-12-23 06:35:40,Южный речной вокзал,1000,276
46,2021-12-23 06:48:11,Южный речной вокзал,1000,210
41,2021-12-23 06:59:02,Южный речной вокзал,1000,850
